0 0 0 0 0 0 0 0 0 0 0 63 63 0 0 0 0 127 0 0 127 0 0 0 0 63 191 0 127 63 0 0 0 0 0 0 0 0 0 0 0 0 0 0 63 63 0 0 0 0 0 127 127 127 0 63 255 127 0 127 255 127 0 0 127 127 63 191 63 127 63 127 0 0 127 63 127 63 191 0 0 0 63 0 0 0 127 63 255 127 0 63 127 127 0 0 63 191 0 127 0 0 0 127 63 63 191 63 0 0 0 0 0 127 63 63 63 63 0 0 0 0 0 0 0 63 63 0 0 0 0 0 0 0 63 127 127 0 0 0 63 0 0 0 63 0 63 0 0 0 0 0 0 0 0 0 0 0 0 0 63 0 0 0 0 0 0 0 0 0 0 0 0 0 0 0 0 0 0 0 0 0 0 0 0 0 0 63 0 0 63 0 0 0 0 0 0 0 0 0 63 0 0 0 0 0 0 0 0 0 0 0 0 63 0 0 0 0 0 63 0 0 0 0 0 0 0 0 0 0 0 0 63 0 0 0 0 63 63 0 0 0 0 0 63 0 63 127 255 127 255 255 255 255 255 255 191 127 191 63 191 255 191 255 127 191 255 0 63 0 127 0 0 0 0 191 0 63 127 0 63 0 0 0 255 191 191 127 63 127 191 255 255 255 191 0 0 63 0 255
0 0 0 0 0 0 0 0 0 0 63 63 0 0 0 0 0 63 0 127 0 0 0 0 191 63 63 0 0 0 0 0 0 0 63 0 0 0 0 0 0 63 0 63 0 0 0 63 0 0 63 255 127 0 0 0 63 255 191 0 0 0 0 0 0 0 0 255 0 0 0 0 0 0 63 0 127 127 255 127 0 63 63 0 0 63 127 0 63 255 63 63 191 127 127 0 0 0 0 63 0 0 0 0 0 191 191 127 127 255 0 0 0 0 0 0 63 0 0 0 0 0 0 63 63 0 0 0 0 0 63 63 127 127 63 63 127 127 191 0 127 0 0 0 0 0 0 0 0 0 0 0 0 0 0 0 0 0 0 0 0 0 0 63 0 0 0 0 0 0 0 0 0 0 0 0 0 0 0 63 0 0 0 0 0 63 63 0 0 0 0 0 0 0 0 0 0 0 0 0 127 63 0 0 0 0 0 0 0 0 0 0 0 0 0 0 0 0 0 0 63 0 0 0 0 0 0 0 0 0 0 0 0 0 0 0 0 63 127 0 0 0 0 0 127 127 63 127 63 63 127 191 255 191 191 255 255 191 191 191 255 255 255 127 127 63 0 0 63 63 191 0 0 0 0 0 0 0 0 0 0 63 0 127 255 255 255 63 63 0 0 127 255 255 191 0 0 63 0 191
0 0 0 0 0 0 0 0 0 0 127 0 0 0 127 127 0 0 0 63 0 0 0 0 0 63 0 0 0 0 0 0 0 63 63 0 0 0 0 0 0 0 0 0 0 0 0 127 127 63 255 127 0 0 0 0 0 0 63 63 0 0 0 0 0 127 0 127 0 0 0 0 0 0 0 0 127 255 191 63 127 0 63 63 0 63 0 0 0 255 127 0 0 63 0 0 0 0 0 0 0 0 0 0 0 127 255 255 191 63 0 0 0 0 0 0 0 0 0 0 0 0 63 127 0 0 0 0 0 63 63 255 191 127 63 191 127 191 63 127 0 0 0 0 0 0 0 0 0 0 0 0 0 0 0 0 0 0 0 0 0 0 0 0 0 0 0 0 0 0 0 0 0 0 0 0 0 0 0 0 0 127 0 63 0 0 0 0 0 0 0 0 0 0 0 0 0 0 0 0 0 0 0 0 0 0 0 0 0 0 0 0 0 0 0 0 0 0 0 0 0 0 0 0 0 0 0 0 0 0 0 0 0 0 0 0 0 191 127 0 0 0 0 0 0 0 127 63 63 0 0 63 127 255 255 63 255 191 191 0 191 0 255 0 63 0 127 127 63 0 127 127 0 0 0 0 0 0 0 0 0 63 0 63 255 255 191 127 0 0 0 63 255 127 0 0 0 0 0 63
0 0 0 0 0 0 0 0 0 0 0 0 0 0 0 127 0 0 0 0 0 0 0 0 0 0 0 0 63 0 127 63 0 0 0 0 0 0 0 63 0 0 0 0 0 63 255 0 127 127 0 0 0 63 0 0 0 63 63 0 0 0 0 0 63 63 127 127 127 0 0 0 0 0 0 0 63 0 191 191 191 63 63 63 191 0 0 0 0 0 127 0 63 127 0 0 0 0 0 191 127 191 0 0 0 0 255 255 255 0 0 0 0 0 0 0 0 0 0 0 0 63 63 0 0 0 0 0 0 63 127 127 0 63 0 0 0 127 0 0 127 127 0 63 0 63 63 0 0 0 0 0 0 0 0 0 0 0 0 0 0 0 0 0 0 0 0 0 0 63 0 0 0 0 0 0 0 0 0 0 0 0 0 0 0 0 0 0 0 0 0 0 0 0 0 0 0 0 0 0 0 0 0 0 0 0 0 0 0 0 0 0 0 0 0 0 0 0 0 0 0 0 0 0 0 0 0 0 0 0 0 0 0 0 0 0 0 0 0 0 0 0 0 0 0 0 0 0 0 0 0 127 0 191 63 0 127 127 0 63 0 63 127 63 63 255 0 191 0 127 191 255 127 0 0 0 0 0 0 0 0 0 63 0 191 255 63 0 0 0 0 0 127 127 0 0 0 0 0 0
0 0 0 0 0 0 0 0 0 0 0 0 0 0 0 0 0 0 127 0 191 0 0 0 0 0 0 0 63 0 63 0 0 0 0 0 0 0 0 0 0 0 0 0 191 255 191 63 0 0 0 0 0 63 0 0 0 0 0 0 63 0 0 0 0 0 0 0 127 63 63 63 0 0 0 0 63 63 0 63 0 0 0 63 63 191 63 0 0 0 127 0 63 0 0 0 0 0 0 63 63 0 0 0 0 127 191 191 255 63 127 0 0 63 127 0 0 0 63 0 127 255 127 255 191 0 0 63 63 191 0 191 0 0 0 191 63 127 0 0 0 63 0 0 63 63 0 0 0 0 0 0 0 0 0 0 0 0 0 0 0 0 0 0 0 0 0 0 0 0 0 0 0 0 0 0 0 0 0 0 0 0 0 0 0 0 0 0 0 0 0 0 0 0 0 127 0 0 0 0 0 0 0 63 0 0 0 0 0 0 0 0 0 0 0 0 0 0 0 0 0 63 0 0 0 0 0 0 0 0 0 0 0 0 0 0 0 0 0 0 0 0 0 0 0 0 0 0 0 0 0 0 127 0 0 63 0 0 191 191 63 0 127 191 191 255 0 63 127 63 127 191 191 0 63 0 0 0 0 0 0 63 0 0 0 255 63 0 0 0 0 0 127 255 0 0 0 0 0 0
0 0 0 0 0 0 0 127 0 0 0 0 0 0 0 0 0 0 127 63 127 191 0 0 0 0 63 0 0 0 0 127 0 0 0 0 127 0 63 63 0 0 127 191 127 63 0 0 63 0 63 255 191 0 0 0 0 0 0 191 0 63 255 127 0 0 0 0 127 63 63 63 0 0 0 0 63 255 255 255 127 0 0 63 0 63 0 0 0 191 63 127 0 0 0 0 0 0 0 0 0 63 127 127 63 0 0 0 127 0 0 127 63 63 63 0 0 0 0 127 127 255 127 255 63 0 63 63 0 0 0 0 0 63 0 127 255 191 127 63 0 63 0 127 127 63 0 0 0 0 0 0 0 0 0 0 0 0 0 0 0 0 0 0 0 0 0 0 127 0 0 0 0 0 0 0 0 0 0 0 0 0 0 0 0 0 0 0 0 0 0 0 0 0 0 0 0 0 0 0 0 0 0 0 0 0 0 0 0 0 0 0 0 0 0 0 0 0 0 0 0 0 0 0 0 0 0 0 0 0 0 0 0 0 0 63 0 0 0 0 0 0 0 0 0 0 0 0 191 63 0 127 0 0 0 255 191 255 127 127 63 0 0 0 0 0 0 0 0 0 63 255 0 0 0 0 0 0 0 0 0 0 0 0 0 255 255 0 0 0 0 0 127 191 0 0 0 0 0 0
0 0 0 0 0 0 0 0 0 0 63 0 0 0 0 0 0 0 127 63 127 127 0 0 0 0 0 127 0 0 0 0 0 0 0 63 0 0 0 0 0 191 255 63 0 0 0 0 0 0 0 0 0 0 0 0 0 0 0 0 127 63 63 63 0 0 0 63 191 63 63 0 0 0 0 0 0 0 0 0 0 0 0 0 0 0 0 0 63 0 0 127 63 0 0 0 0 0 0 0 0 0 0 0 0 0 0 0 0 63 63 63 191 0 0 0 0 63 127 255 127 0 127 127 63 127 127 0 0 63 127 127 0 63 0 0 191 127 191 0 0 0 127 0 63 0 63 0 0 0 0 0 0 0 0 0 0 0 0 0 0 0 0 0 0 0 0 127 0 0 63 0 0 0 0 0 0 0 0 0 0 0 0 0 0 0 0 0 0 63 0 0 0 0 0 0 0 0 0 0 0 0 0 0 0 0 0 0 0 0 0 0 0 0 0 0 0 0 0 0 0 0 0 0 0 0 0 0 0 0 0 0 0 0 0 0 0 0 0 0 0 0 0 0 0 127 0 0 127 127 127 127 255 63 0 63 0 0 0 0 0 0 0 0 0 0 0 0 0 0 63 191 255 191 0 0 0 0 0 0 63 0 0 0 0 255 0 0 0 0 0 0 63 127 0 0 0 0 0 0
0 0 0 0 0 0 0 0 0 0 0 0 0 0 0 0 0 0 0 0 0 0 0 0 0 63 0 0 0 0 0 0 0 0 0 0 127 127 0 191 191 127 127 63 0 0 63 0 0 0 0 0 63 127 191 127 63 0 0 0 0 0 191 191 63 127 127 63 255 127 0 0 0 0 0 0 0 63 0 0 63 0 0 0 63 0 0 63 0 0 0 63 63 0 0 0 63 0 0 0 0 63 0 0 0 0 0 0 63 127 191 191 63 0 0 0 0 0 127 63 0 63 191 0 0 127 63 63 0 0 127 0 0 0 0 0 191 191 191 127 191 0 191 191 63 127 63 0 0 0 0 0 0 0 0 0 0 0 0 0 0 0 0 0 0 0 0 0 0 0 0 63 0 0 0 0 0 0 0 0 0 0 0 0 0 0 0 0 0 0 0 0 0 0 0 0 0 0 0 0 63 0 0 0 0 0 0 0 0 0 0 0 0 0 0 0 0 0 63 0 0 0 0 0 0 0 0 0 0 0 0 0 0 0 0 0 0 0 0 0 0 0 63 0 0 0 0 0 0 0 0 127 0 0 0 0 0 0 0 0 0 0 0 0 0 0 0 0 0 0 63 255 191 127 0 0 0 0 0 0 0 0 0 0 0 127 0 0 0 0 0 0 0 255 0 0 0 0 0 0
0 0 0 0 0 0 0 0 0 127 0 63 0 0 0 0 0 0 0 0 0 0 0 0 0 0 0 0 0 0 0 0 63 0 63 63 127 191 127 127 63 191 0 0 0 0 255 63 0 0 0 0 63 127 127 255 63 0 0 0 127 63 127 0 255 63 0 63 191 63 0 0 0 0 0 0 63 0 63 0 0 0 63 63 127 0 0 0 0 127 255 191 191 191 0 0 0 0 0 0 0 0 0 0 0 127 63 0 127 0 63 0 0 0 0 0 63 63 0 0 63 127 191 63 127 191 63 255 127 127 255 0 0 63 0 127 191 255 191 191 0 127 0 0 63 0 63 0 0 0 0 0 63 0 0 0 63 0 0 0 0 63 63 127 0 127 0 0 63 0 0 0 0 0 0 63 0 0 127 0 0 0 0 0 0 0 0 0 0 0 0 0 0 0 0 0 0 0 0 0 0 0 0 0 0 0 0 0 0 0 0 0 0 0 0 0 0 0 0 0 0 0 0 0 0 0 0 0 0 0 0 0 0 0 0 0 0 0 0 0 0 0 0 0 0 0 0 0 0 0 0 63 0 0 0 0 0 0 0 0 0 0 0 0 0 0 0 0 0 0 0 0 63 0 0 0 0 0 0 63 0 0 0 0 0 0 0 0 0 0 0 0 0 0 0 0 0 0 0 0
0 0 0 0 0 0 0 0 63 127 0 127 127 0 0 0 0 0 0 0 0 0 0 0 0 0 0 0 0 0 0 0 0 63 127 0 63 191 255 127 0 127 0 63 0 0 63 0 0 63 0 0 0 0 0 63 255 0 0 0 0 0 0 0 0 0 0 0 127 127 0 0 0 0 0 0 127 0 0 0 63 127 0 63 0 0 191 191 127 0 191 191 191 127 0 0 0 127 127 0 0 0 0 0 0 0 63 63 127 127 0 0 0 0 0 0 63 0 127 0 0 63 63 127 191 63 255 127 255 0 0 63 0 0 63 191 255 255 127 0 0 63 0 0 63 0 0 0 0 63 0 0 63 63 63 63 0 0 0 127 0 63 0 0 0 0 0 0 0 0 0 0 0 0 0 0 63 0 0 127 0 0 0 0 0 0 0 0 0 0 0 0 0 0 0 0 0 0 0 0 0 0 0 0 0 0 0 0 0 0 0 0 0 0 0 0 0 0 0 0 0 0 0 0 0 0 0 0 0 0 0 0 0 0 0 0 0 0 0 0 0 0 0 0 0 0 127 0 0 0 63 0 0 0 0 0 0 0 0 0 0 0 0 0 0 0 0 0 0 0 0 0 0 0 0 127 0 0 0 0 0 0 0 0 0 0 0 0 0 0 0 0 0 0 0 0 0 0 0 0
0 0 0 63 191 0 0 0 63 0 0 0 127 0 0 127 0 0 0 0 0 0 0 0 0 0 0 0 0 0 0 0 0 0 127 255 63 127 191 127 0 63 0 0 0 0 0 0 0 0 0 63 0 0 0 0 0 0 0 0 0 0 0 0 0 63 0 0 63 0 0 0 0 0 0 127 0 0 0 63 127 127 0 0 0 63 255 191 127 255 63 63 63 63 255 63 0 0 0 0 0 0 0 0 63 0 0 0 63 63 63 0 0 0 0 255 127 63 63 0 0 0 0 63 63 0 191 63 63 0 0 63 0 0 63 191 127 63 0 0 0 0 0 0 0 0 0 0 0 63 63 0 0 0 0 0 0 0 0 0 0 0 0 0 0 0 0 0 0 0 127 0 0 0 0 63 191 63 0 0 0 0 0 0 0 0 0 255 63 0 0 0 0 0 0 0 0 0 0 0 0 0 0 0 0 0 0 0 0 0 0 0 0 0 0 0 0 0 0 0 0 0 0 63 0 0 0 0 0 0 0 0 0 0 0 0 0 0 0 63 0 63 0 0 0 0 191 0 0 0 0 0 0 0 0 0 0 0 0 0 0 0 0 0 0 0 0 0 0 0 0 0 0 0 0 0 0 0 0 0 0 0 0 0 0 0 0 0 0 0 0 0 0 0 0 0 0 0 0 0
191 127 0 0 191 63 0 127 0 63 63 63 127 0 0 63 63 0 0 0 0 0 0 0 127 0 0 0 0 0 63 63 127 255 127 127 191 63 191 63 0 0 127 0 0 0 0 0 0 63 63 0 0 0 0 0 0 0 0 0 0 0 0 127 191 191 191 63 63 127 0 63 0 0 0 63 0 0 0 63 63 0 63 63 63 127 127 127 127 63 63 63 63 63 191 127 0 0 0 0 0 0 0 127 63 0 0 0 0 0 191 191 0 63 127 127 0 63 0 0 0 0 0 0 255 127 0 0 63 63 0 0 0 0 63 0 0 0 0 0 0 0 0 0 0 0 0 0 0 0 0 0 0 0 0 0 0 0 0 0 0 0 0 63 63 0 0 0 0 0 127 255 0 0 0 0 0 127 255 0 0 0 0 0 0 0 0 0 63 0 0 0 0 0 0 0 0 0 0 0 0 0 0 0 0 0 0 0 0 0 0 0 0 0 0 0 0 0 0 0 0 0 0 0 0 0 0 0 0 0 0 0 0 0 0 0 0 0 63 0 0 0 0 0 0 0 127 0 0 0 0 0 0 0 0 0 0 0 0 0 0 0 0 0 0 0 0 0 0 0 0 0 0 0 0 0 0 0 0 0 0 0 0 0 0 0 0 0 0 0 0 0 0 0 0 0 0 0 0 0
63 63 63 0 0 0 0 0 63 127 127 127 127 63 63 0 0 63 0 0 0 0 0 0 0 0 0 0 191 191 63 191 191 63 0 0 0 63 0 0 127 0 127 63 0 127 0 0 0 0 63 0 0 63 0 0 0 127 127 127 255 255 127 255 0 63 127 63 127 255 0 0 63 0 0 63 63 0 255 255 191 63 255 255 0 0 0 127 0 63 0 0 63 255 63 191 127 63 63 127 127 0 0 0 0 0 0 0 0 0 0 0 255 191 127 127 63 63 0 0 0 0 63 255 63 191 0 0 127 191 0 0 0 0 0 0 0 0 0 0 0 0 0 0 0 0 0 0 0 0 0 0 0 0 0 63 0 0 63 0 0 0 0 0 0 127 127 191 127 127 127 191 255 255 63 0 0 0 0 127 0 0 0 0 0 63 0 0 0 0 0 0 0 0 0 0 0 0 0 0 0 0 0 0 0 0 0 0 0 0 0 63 0 0 0 0 0 0 0 0 0 0 0 0 0 0 0 63 0 0 0 0 0 0 0 0 0 0 0 0 0 0 0 0 0 0 0 0 0 0 0 0 0 0 0 0 0 0 0 0 0 0 0 0 0 0 0 0 0 0 0 0 0 0 0 0 0 0 0 0 0 0 0 0 0 0 0 0 0 0 0 0 0 0 0 0 0 0 0 0
127 63 63 191 0 127 127 63 0 63 63 63 0 63 63 63 0 63 127 0 0 0 0 0 0 0 0 0 63 191 255 255 127 63 127 0 0 0 0 0 63 63 0 63 0 63 0 0 0 0 0 0 63 63 0 0 0 63 0 127 191 191 63 0 0 0 63 0 0 127 127 63 0 0 0 0 191 127 191 255 127 63 0 255 0 0 127 0 127 127 0 0 63 127 191 191 127 0 0 0 63 63 0 0 0 127 127 127 0 0 0 0 191 127 0 63 0 0 0 0 0 0 63 0 0 63 0 0 0 0 0 0 0 0 0 0 0 0 0 0 0 0 0 0 0 0 0 0 0 0 0 0 0 0 0 0 127 255 127 127 0 63 0 127 255 127 255 255 127 63 0 0 63 0 0 63 63 0 0 63 0 0 0 63 63 0 0 0 0 0 0 0 0 0 0 0 0 0 0 0 0 63 0 0 0 0 0 0 0 0 0 0 0 0 0 0 0 0 0 0 0 0 0 0 0 0 0 63 0 0 0 0 0 0 0 0 0 0 0 0 0 0 0 0 0 0 0 0 0 0 0 0 0 0 0 0 0 0 0 0 0 0 0 0 0 0 0 0 0 0 0 0 0 127 191 0 0 0 0 0 63 0 0 0 0 0 0 0 0 0 0 0 0 0 0 0 0 0 0 0
63 63 0 63 0 0 0 0 0 127 191 127 0 0 0 127 0 127 127 0 127 0 0 0 0 127 127 191 127 127 127 127 0 0 0 0 0 127 0 63 0 0 0 0 0 0 0 0 0 0 63 0 255 191 63 127 63 191 255 127 255 127 63 0 0 0 0 63 0 255 127 0 0 0 0 127 63 127 0 127 127 255 127 0 127 0 127 0 0 0 0 0 0 0 0 63 127 63 0 0 0 0 0 0 0 0 0 0 0 0 0 0 0 0 0 0 63 63 63 0 63 0 0 0 0 0 0 0 0 0 0 0 0 0 0 0 63 0 0 0 0 0 0 0 0 0 255 63 0 63 63 0 0 0 63 0 63 63 63 255 191 0 63 0 0 0 0 0 0 0 63 0 0 0 0 0 63 63 0 0 127 63 0 0 0 0 0 0 0 0 0 0 0 0 63 0 0 0 0 0 0 0 0 0 0 0 0 0 0 0 0 0 0 0 0 0 0 0 0 0 0 0 0 0 0 0 0 0 0 0 0 0 0 0 0 0 0 0 0 0 0 0 0 0 0 0 0 0 0 0 0 0 0 0 0 0 0 0 0 0 0 0 0 0 0 0 0 0 0 0 0 0 63 127 0 63 0 0 0 0 63 0 0 0 0 0 0 0 0 0 0 0 0 0 0 0 0 63 63 63
0 127 127 0 0 0 0 0 63 127 63 0 0 0 0 0 0 0 0 0 127 0 0 255 63 127 191 191 255 63 0 0 0 0 0 0 0 0 0 0 0 127 255 127 127 63 127 0 0 0 255 0 63 63 0 127 127 127 191 191 0 63 63 0 63 0 0 63 127 63 127 0 0 0 0 0 63 63 191 127 127 191 255 127 0 255 255 127 63 0 0 0 0 63 127 191 191 191 0 0 0 0 0 0 0 0 0 0 0 0 0 0 0 0 127 0 0 0 0 0 0 0 0 0 0 0 0 0 0 0 0 0 0 0 0 63 127 127 0 0 0 0 0 0 0 0 0 0 0 0 0 0 127 63 63 0 0 0 0 0 0 0 0 0 0 0 0 0 0 0 0 0 0 0 0 0 0 0 0 0 191 0 0 0 127 0 0 63 0 0 0 0 0 0 0 0 0 0 0 0 0 0 0 0 0 0 0 0 0 0 0 0 0 0 0 0 0 0 0 0 0 0 0 63 0 0 127 0 0 0 0 0 0 0 0 0 0 0 0 0 0 0 0 0 63 0 0 0 0 0 0 0 0 0 0 0 0 0 0 0 0 0 0 0 0 0 0 0 0 0 0 0 0 0 0 63 0 0 0 0 0 0 0 63 127 63 0 0 0 0 0 0 0 0 0 0 0 127 63 191
0 63 63 0 0 0 0 0 63 63 0 0 0 0 0 0 0 63 127 63 63 63 0 127 63 191 255 127 0 0 63 0 0 0 0 0 0 0 63 0 0 0 127 191 255 127 0 127 0 63 63 0 0 191 0 0 0 0 63 63 0 127 0 0 0 0 63 63 0 0 255 0 63 63 0 63 63 0 63 127 255 127 191 191 255 127 63 0 0 0 0 0 0 0 0 0 0 63 0 0 0 0 0 0 0 0 0 0 0 0 127 127 191 63 0 0 0 0 0 0 0 0 0 0 0 0 0 0 0 0 127 63 63 63 127 0 0 0 0 0 0 0 0 63 0 0 0 0 0 0 0 0 0 0 0 0 0 0 0 0 0 0 0 0 0 0 0 0 0 0 0 0 0 0 0 0 63 0 0 63 0 127 0 0 63 0 63 0 0 0 0 0 0 0 0 0 0 0 0 0 0 0 0 0 0 0 0 0 0 0 0 0 0 0 0 0 0 0 0 0 0 0 0 0 0 0 0 0 0 0 0 0 0 0 0 0 0 0 0 0 0 0 0 0 63 0 0 0 0 0 0 0 0 0 0 0 63 127 0 0 0 0 0 0 0 0 0 0 0 0 0 0 0 0 0 0 0 0 0 0 0 0 0 0 127 63 0 63 63 0 0 0 0 63 0 0 0 127 127 63
0 255 255 191 0 0 0 0 0 0 0 0 0 0 0 0 0 0 0 0 0 0 0 0 191 255 255 191 127 255 0 0 0 0 0 0 0 0 63 127 127 127 127 127 191 0 0 127 0 63 0 0 0 63 0 0 0 0 63 63 0 0 0 63 0 127 127 255 191 0 127 191 63 63 0 0 0 0 0 255 191 0 0 0 127 63 0 0 0 0 0 0 0 0 0 0 0 0 0 0 0 0 0 0 0 0 0 0 0 0 0 0 0 0 0 0 0 0 0 0 0 0 0 0 0 0 0 63 63 127 191 0 191 127 255 63 0 0 0 0 0 0 0 255 0 0 0 63 0 0 0 0 0 0 0 0 0 0 0 0 0 0 0 0 0 0 0 0 0 0 0 0 0 0 0 0 63 0 0 0 0 0 0 63 127 255 191 0 0 0 0 0 0 0 0 0 0 0 0 0 0 0 0 0 0 0 0 0 0 63 63 0 0 0 63 0 0 0 0 0 0 0 0 0 0 0 0 0 0 0 0 0 0 0 0 0 0 0 0 0 0 0 0 0 0 0 0 0 0 0 0 0 0 0 0 0 0 0 0 0 0 0 0 0 0 0 0 0 0 0 0 0 0 0 0 0 0 0 0 0 0 0 63 127 127 127 63 0 0 0 0 0 0 63 0 0 0 0 63 0
0 0 0 0 0 0 0 0 0 0 0 0 0 0 0 0 0 0 0 0 0 0 0 0 127 191 127 127 191 127 191 255 63 63 0 0 0 0 0 255 191 0 0 63 127 0 127 127 63 63 63 191 191 0 0 63 0 0 0 0 63 0 63 63 0 63 63 63 63 63 63 255 0 0 0 0 0 0 0 0 0 0 0 0 0 0 0 0 0 0 0 0 0 0 0 0 0 0 0 0 0 0 0 0 0 0 0 0 0 0 63 0 0 0 0 0 0 0 0 191 127 127 0 0 0 127 63 63 0 0 127 0 63 0 0 0 0 0 0 0 0 255 255 127 127 0 0 191 63 63 191 0 63 0 0 0 0 0 0 0 0 0 0 0 0 0 0 0 0 0 0 0 0 0 0 0 0 0 0 0 0 0 0 191 0 255 191 0 0 0 0 0 0 0 0 0 0 0 0 0 0 0 0 0 0 0 0 0 0 0 63 0 0 0 0 63 0 0 0 127 191 0 0 0 0 0 63 0 0 0 0 0 0 0 63 0 0 0 0 0 0 0 0 0 0 0 0 0 0 0 0 0 127 0 0 0 0 0 0 0 0 0 0 0 0 0 0 0 0 0 0 0 191 127 0 0 0 0 0 0 0 0 0 0 63 0 0 0 0 0 0 0 0 0 0 0 0 0 0 0
0 0 0 0 0 0 0 0 0 0 0 0 0 0 0 0 0 0 0 0 0 0 0 0 0 0 127 127 0 0 0 191 127 0 0 0 0 0 0 191 63 0 0 127 191 63 127 127 127 191 127 127 63 127 191 191 255 0 63 0 63 0 0 0 63 63 127 63 127 63 63 191 0 0 0 0 0 0 0 0 0 0 0 0 0 0 0 0 0 0 0 0 0 0 0 0 0 0 0 0 0 0 0 63 63 0 0 0 0 63 0 0 63 0 0 0 0 0 63 255 255 191 127 0 63 0 0 0 0 63 0 0 0 0 0 0 0 0 127 0 0 0 63 0 63 0 0 0 0 191 63 0 0 0 0 0 0 0 0 0 0 0 0 0 0 0 0 0 0 0 0 0 0 0 0 0 0 0 0 0 63 0 0 0 0 255 63 0 127 63 0 0 0 0 0 0 63 0 0 0 0 0 0 63 0 0 0 0 0 0 0 0 63 0 63 0 0 0 0 191 127 0 0 0 0 63 0 0 0 0 0 0 63 127 63 0 0 0 0 0 0 0 0 0 0 0 0 0 0 0 0 0 0 0 0 0 0 0 0 0 0 0 0 0 0 0 63 63 0 127 127 63 63 127 0 0 0 0 0 0 0 0 0 191 63 0 0 0 0 0 0 63 63 127 127 127 255 127 127 255
0 0 0 0 0 0 0 0 0 0 0 0 0 0 0 0 0 0 0 0 0 0 0 0 0 0 127 127 0 0 0 0 0 63 63 127 127 127 255 0 127 127 0 0 63 127 63 191 127 127 127 191 255 63 127 127 127 63 191 127 0 0 0 0 0 0 0 0 0 0 0 0 127 63 0 0 0 0 0 0 0 0 0 0 0 0 0 0 0 0 0 0 0 0 0 0 0 0 0 63 63 63 127 191 191 0 0 0 0 0 0 0 0 0 0 127 0 0 0 0 0 0 0 0 0 0 0 0 0 0 0 0 0 0 0 0 0 0 0 63 0 0 0 0 63 0 0 63 127 63 127 0 127 127 0 0 0 0 0 0 0 0 0 0 0 0 0 0 0 0 0 0 0 0 0 127 63 0 0 0 0 0 0 0 0 255 0 0 191 127 63 0 0 0 0 0 0 0 0 0 0 0 0 0 0 63 0 0 0 0 0 0 0 0 0 0 0 63 63 0 0 0 0 0 0 0 0 0 0 0 0 0 0 0 0 0 0 0 0 0 0 0 0 0 0 0 0 0 0 0 0 0 0 0 0 0 0 0 0 127 0 0 63 127 63 63 127 191 127 255 191 255 127 191 0 0 0 0 0 0 0 0 0 0 63 0 0 0 63 127 0 127 191 63 191 255 191 127 255 191
0 0 0 0 0 0 0 0 0 0 0 0 0 0 0 0 0 0 0 0 0 0 0 127 127 0 0 0 0 0 0 0 0 127 191 191 191 63 127 127 63 63 0 0 63 255 63 63 191 63 0 0 127 0 0 63 63 0 0 0 0 0 0 0 0 0 0 0 0 0 0 0 63 63 0 0 0 0 0 0 0 0 0 0 0 0 0 0 0 0 127 127 0 0 0 0 0 63 0 0 0 0 0 0 127 127 0 0 0 0 0 0 0 0 0 0 0 0 0 0 0 0 0 0 0 0 0 0 0 0 0 0 0 0 0 0 0 0 0 0 63 0 0 0 127 0 0 63 0 0 0 0 0 0 0 0 0 0 0 0 0 0 0 0 0 0 0 0 0 0 0 0 0 0 0 63 0 0 0 0 255 0 0 255 0 255 127 0 255 191 191 63 0 0 0 0 0 0 0 0 0 0 0 0 0 0 0 0 0 0 0 0 0 0 0 0 0 0 0 0 0 0 0 0 0 0 0 0 0 0 0 0 0 0 0 0 0 0 0 0 0 0 0 0 0 0 0 0 0 0 0 0 0 0 0 191 191 63 63 63 127 255 191 255 191 255 191 255 191 191 127 63 0 0 0 0 0 63 0 0 0 0 0 63 63 255 255 191 191 127 191 0 191 191 191 191 191 255 255 255
0 0 0 0 0 0 0 0 0 0 0 0 0 0 0 0 0 0 0 0 0 0 0 0 0 0 63 63 127 255 63 0 127 255 0 0 63 0 63 191 63 63 0 0 0 127 0 0 63 0 0 0 0 0 0 0 0 0 0 63 0 0 0 0 0 0 0 0 0 0 0 0 0 0 0 0 0 0 0 0 0 0 0 0 63 255 63 127 255 63 127 127 0 0 0 0 0 63 0 0 0 0 63 0 0 0 0 0 0 0 0 0 63 0 63 127 0 0 0 0 0 0 0 0 0 0 0 0 0 0 0 0 0 0 0 0 0 0 0 0 63 0 0 0 127 0 0 63 0 0 0 0 0 63 0 0 0 0 0 0 0 0 0 0 0 0 0 0 0 0 0 0 0 0 0 0 0 0 0 0 0 63 0 0 127 191 0 0 191 127 0 63 63 0 0 0 0 0 0 0 0 0 0 0 0 0 0 0 0 0 0 0 0 0 0 0 0 0 0 0 0 0 0 0 0 0 0 0 0 0 0 0 0 0 0 0 0 0 0 0 0 0 0 0 0 0 0 0 0 0 0 0 0 127 127 255 255 255 255 255 255 191 191 127 255 127 63 191 127 63 63 255 191 191 127 63 0 0 0 0 0 0 0 0 0 127 255 255 255 0 63 127 127 191 255 255 127 127 127 0
0 0 0 0 0 0 0 0 0 0 63 0 0 0 0 0 0 0 0 0 0 63 63 63 0 0 0 127 255 191 191 127 127 191 191 0 0 63 0 0 0 0 0 0 0 0 0 0 0 0 0 0 0 0 0 0 0 0 0 0 0 0 0 0 0 0 0 0 0 0 0 0 0 0 0 0 0 0 63 0 0 63 63 0 0 63 0 0 0 0 0 0 0 0 0 0 0 0 0 0 0 63 63 0 0 0 0 0 0 0 0 0 0 0 63 191 127 191 0 0 0 0 0 0 0 0 0 0 0 0 0 0 0 0 0 0 0 0 0 0 0 0 0 0 63 63 0 0 127 0 0 0 0 0 0 0 0 0 0 0 0 0 0 0 0 0 0 63 0 0 0 0 0 0 0 0 0 0 0 0 127 63 0 0 127 191 0 0 255 191 0 63 63 63 0 63 0 0 0 0 0 0 0 0 0 0 0 0 0 0 0 0 0 0 0 0 0 0 0 0 0 0 0 0 0 0 0 0 0 0 0 0 0 0 0 0 0 0 0 0 0 0 0 0 0 0 0 0 0 0 0 0 0 63 127 255 255 191 255 63 255 0 127 63 0 63 191 191 127 191 0 63 255 191 127 0 0 0 0 0 0 0 0 0 0 0 255 127 255 255 191 191 0 0 63 0 0 0 0 0
0 0 0 0 0 0 0 0 0 0 63 255 127 0 0 63 127 191 0 0 63 63 191 0 0 0 0 191 255 191 191 0 0 0 0 0 0 0 0 0 0 0 0 0 63 0 0 63 0 0 0 0 0 0 0 0 0 0 0 0 0 0 0 0 0 0 0 191 127 63 63 191 0 0 63 0 0 0 0 0 0 127 127 0 0 127 0 0 0 0 0 0 0 0 0 0 0 0 0 0 127 63 0 0 0 0 127 63 0 0 0 0 0 0 0 0 0 127 0 0 0 0 0 0 0 0 0 0 0 0 0 0 0 0 0 0 0 0 0 0 0 127 127 0 0 0 0 0 0 0 191 0 0 0 0 0 0 0 0 0 0 0 0 0 0 0 0 0 0 0 0 0 63 0 0 0 0 0 0 63 0 0 63 0 0 0 0 63 63 0 0 63 0 0 0 0 0 0 0 0 0 0 0 0 0 0 0 0 0 0 0 0 0 0 0 0 0 0 0 0 63 0 0 0 0 0 0 0 0 0 0 0 0 0 0 0 0 0 0 0 0 0 0 0 0 0 0 0 0 0 0 0 0 0 63 127 255 191 191 191 63 63 63 63 0 127 0 0 127 0 0 0 63 0 127 0 0 0 0 63 0 0 0 0 0 63 127 0 127 191 0 127 0 0 63 0 0 0 0 0
0 0 0 255 255 0 0 0 0 0 0 127 0 0 63 191 63 63 127 0 0 63 63 0 0 0 0 0 0 0 0 0 0 0 0 0 0 0 0 0 0 0 0 0 0 0 0 0 0 0 0 0 0 0 0 63 127 127 127 127 127 255 191 0 0 63 191 63 127 255 191 255 63 0 0 0 0 0 0 0 0 0 0 0 0 0 0 0 0 0 0 0 0 0 0 0 0 0 0 0 0 63 255 0 191 0 0 63 0 0 0 0 0 0 0 0 0 0 0 0 0 0 0 0 0 0 0 0 0 127 0 0 0 0 0 0 0 0 0 63 127 191 0 0 0 0 0 0 0 0 127 127 191 127 63 0 0 0 0 0 0 0 0 0 0 0 0 0 0 0 0 0 0 0 0 0 0 0 0 63 127 63 63 0 191 127 0 0 0 0 0 0 0 0 0 63 0 0 0 0 63 63 0 0 0 63 0 0 0 0 0 0 0 0 0 0 0 0 0 0 0 0 127 0 0 0 0 63 0 0 0 0 0 0 0 0 0 0 0 0 0 0 0 0 0 0 0 0 0 0 0 0 63 0 127 191 255 255 127 0 63 255 255 127 0 63 0 0 0 0 0 63 0 0 63 127 0 0 0 0 0 0 0 0 0 0 0 0 63 191 63 255 0 0 0 0 0 63 0 0
0 0 0 63 0 0 0 0 0 0 0 0 0 0 0 63 127 63 0 63 0 0 0 0 0 0 0 0 0 0 0 0 0 0 0 0 0 0 0 0 0 0 0 0 0 0 0 0 0 63 127 0 0 191 255 255 255 255 255 191 255 255 255 127 63 191 255 255 255 191 63 63 63 0 127 255 0 0 0 63 0 0 0 0 0 0 0 191 0 0 127 127 0 0 127 0 0 0 0 0 63 0 191 0 127 0 0 63 0 0 0 0 0 0 0 0 0 0 0 0 0 0 0 0 0 0 0 0 0 0 63 0 0 0 0 0 0 0 0 0 0 0 0 127 63 0 0 0 0 63 0 0 0 63 63 0 0 0 0 0 0 0 0 0 0 0 0 0 0 0 0 0 0 63 0 0 0 63 0 0 127 0 0 0 127 127 0 0 0 0 127 63 191 0 0 0 0 0 0 0 0 0 0 0 0 127 127 191 127 191 0 0 0 0 0 0 0 0 0 0 0 0 63 0 0 0 0 0 0 0 0 0 0 0 0 0 0 0 0 0 0 63 63 0 0 0 0 0 0 63 0 0 0 63 127 255 255 191 0 0 0 63 0 0 0 0 0 0 0 63 63 0 0 0 0 63 63 0 0 63 0 0 0 0 0 0 63 0 0 127 127 0 0 0 0 0 0 127 127 255
0 0 0 0 0 0 0 0 0 0 63 0 0 0 255 0 63 127 191 191 0 0 0 0 0 0 0 0 0 0 0 0 0 0 0 0 0 0 0 63 63 63 127 0 0 0 191 127 191 127 191 255 0 191 255 255 0 191 191 127 255 191 191 0 0 191 63 63 127 191 63 127 63 0 0 255 63 0 63 0 63 127 0 0 0 0 0 0 0 0 63 63 0 63 63 0 0 0 0 0 0 0 255 255 255 191 0 63 0 127 0 0 0 0 0 0 0 0 0 0 0 0 0 0 0 0 0 0 0 0 0 63 0 0 0 0 0 0 0 0 127 63 63 0 127 127 127 0 63 0 63 0 0 0 0 0 0 0 0 0 0 63 63 0 0 0 0 0 0 63 63 0 0 63 0 0 191 0 127 63 127 0 63 0 127 63 63 0 63 0 0 63 63 0 0 0 63 0 63 127 127 191 255 255 255 191 191 191 191 255 0 0 0 0 0 0 0 0 0 0 0 0 0 0 63 0 0 0 0 0 0 0 0 0 0 0 0 0 0 0 0 127 0 0 0 0 0 0 0 0 0 0 0 0 127 191 191 191 0 0 63 0 0 0 0 0 0 63 0 0 63 0 0 0 63 0 127 0 127 63 0 0 0 0 0 0 0 0 63 255 191 127 127 127 63 0 0 191 191 255
0 0 0 0 0 0 0 63 0 0 127 127 127 0 127 0 63 63 127 127 191 0 0 0 0 0 0 0 0 0 0 0 0 63 63 63 63 0 127 191 63 0 127 191 127 191 255 255 255 255 255 191 0 191 255 127 0 0 0 0 127 63 0 0 0 0 0 191 127 191 191 191 127 191 0 63 63 0 0 0 127 63 0 0 0 0 63 255 127 0 0 191 0 0 0 63 63 0 0 0 63 127 127 127 255 255 63 0 63 0 63 0 0 127 0 63 0 127 63 63 63 0 0 0 0 0 0 0 0 0 0 0 0 0 0 0 0 0 0 63 0 63 0 127 127 63 127 0 0 0 0 0 0 0 0 0 0 0 0 127 63 63 0 63 127 0 63 0 0 0 0 0 0 0 0 0 0 0 0 0 63 0 0 0 0 0 0 0 63 0 0 127 127 127 191 191 255 255 191 191 127 127 191 127 191 191 63 191 191 127 191 0 63 0 0 0 0 0 0 0 0 0 0 0 0 0 0 0 0 63 0 0 0 0 0 0 0 0 0 0 63 0 0 0 0 0 0 0 0 0 63 0 0 0 0 0 0 0 0 0 0 0 0 0 63 0 63 0 0 0 0 0 0 0 63 63 255 127 63 0 0 0 0 0 0 0 0 127 191 127 255 255 191 0 0 0 0 0 0 0
0 0 63 127 63 0 0 63 0 0 0 63 127 0 0 0 0 0 0 63 63 0 0 0 0 0 0 0 0 127 63 127 127 191 191 127 63 127 127 127 191 255 255 255 255 255 255 255 255 191 127 127 63 127 0 0 0 0 0 63 0 63 0 0 63 0 63 127 63 63 63 63 63 63 0 0 0 0 0 63 191 63 0 0 0 0 0 63 127 63 63 255 0 0 63 0 63 0 0 191 63 191 0 0 127 255 127 0 0 0 0 0 0 63 127 0 127 63 0 63 0 0 0 0 0 0 0 0 0 0 0 0 0 0 0 63 63 63 0 0 0 0 63 0 0 0 63 0 0 0 0 0 63 0 0 0 0 0 0 63 0 0 0 0 0 0 0 0 0 0 0 0 0 0 0 0 0 0 0 0 0 0 0 0 0 0 0 0 63 255 191 191 191 191 191 191 255 255 255 191 255 255 191 255 255 255 191 191 191 191 191 127 63 0 0 0 0 0 0 0 0 0 0 0 0 0 0 0 0 63 0 0 0 0 0 0 0 0 0 0 0 0 0 0 0 0 127 0 0 0 0 0 0 0 0 63 0 0 0 0 0 0 0 0 0 127 0 0 0 0 0 0 0 0 63 63 191 0 0 0 0 0 0 0 0 0 0 63 0 0 255 255 255 0 0 0 0 0 0 0
255 0 63 0 0 0 0 0 0 0 0 0 0 0 0 0 0 0 0 0 0 0 63 63 0 0 0 0 63 191 255 255 255 191 63 191 255 255 127 255 191 63 63 63 0 0 255 255 191 191 63 255 255 63 0 0 0 0 0 0 0 0 0 0 0 0 0 63 127 63 63 63 63 127 0 0 0 0 0 0 63 0 0 0 0 0 0 0 63 0 0 191 0 0 0 0 0 0 63 255 255 127 0 0 0 127 255 127 0 0 0 0 0 0 0 0 0 0 0 63 0 0 0 0 0 0 0 0 0 0 0 63 63 63 63 127 0 63 63 0 0 0 0 0 127 0 0 0 0 0 0 63 127 63 0 0 0 0 0 0 0 0 0 0 0 0 0 0 0 0 0 0 0 0 0 0 0 0 0 0 0 0 0 0 0 0 0 0 0 0 191 191 127 255 191 255 127 0 127 255 127 127 63 255 255 191 255 255 191 191 255 63 0 63 63 0 0 0 0 0 0 0 0 0 0 0 0 0 0 0 0 0 0 0 0 0 0 0 0 0 0 0 0 0 0 63 0 0 0 0 0 0 0 0 0 0 0 0 0 0 0 63 191 127 127 127 63 0 0 127 127 0 0 63 0 0 127 63 0 0 0 0 0 0 0 0 0 0 0 127 255 255 255 0 63 191 63 0 0 0
0 0 0 0 0 0 0 0 0 0 0 0 0 0 0 0 0 0 0 0 0 127 127 63 0 0 0 63 63 63 191 191 191 63 191 63 63 63 0 0 63 0 0 0 0 63 63 127 0 127 0 0 191 127 0 0 0 0 0 0 0 0 127 63 0 0 0 0 191 127 0 0 0 127 0 0 127 0 0 0 63 63 127 0 0 63 0 127 127 63 0 255 0 0 127 63 0 0 127 191 191 0 0 0 63 191 255 255 0 0 0 0 63 0 0 0 0 0 0 0 0 0 0 0 0 0 0 0 0 0 0 0 63 0 63 63 0 63 63 0 0 0 63 0 0 0 0 63 0 0 0 63 191 127 63 0 0 0 127 63 0 0 0 0 0 0 0 0 0 0 0 0 63 127 127 63 0 0 0 0 0 0 0 0 0 0 0 0 0 255 255 191 191 255 255 255 255 255 255 255 191 127 191 127 0 0 0 0 0 127 255 0 0 0 63 0 0 0 0 0 0 0 0 0 0 0 0 0 0 0 0 0 0 0 0 0 0 0 0 0 0 0 0 0 0 0 0 0 0 0 0 0 0 0 0 0 0 63 63 0 63 63 191 191 127 127 191 255 191 0 0 0 0 0 0 0 63 127 0 63 0 0 0 0 0 0 0 0 0 0 127 255 191 0 0 0 0 63 0 0
0 0 0 0 0 0 0 0 0 0 0 0 0 0 0 0 0 0 0 127 255 255 63 127 0 0 127 191 127 127 255 63 0 0 191 0 63 0 63 63 63 0 0 63 63 0 0 0 0 0 0 0 63 0 0 0 0 0 0 0 0 0 63 255 63 0 0 0 191 191 63 63 127 127 127 0 0 0 0 0 0 0 0 63 0 0 0 0 191 0 0 127 0 0 63 127 0 0 63 0 63 0 0 0 191 191 255 255 127 0 63 0 0 63 0 0 0 0 0 0 0 0 0 0 0 127 127 63 127 0 0 0 0 0 0 0 0 0 0 0 0 0 63 0 0 0 63 0 0 0 0 0 0 0 0 0 0 0 0 0 0 0 63 0 0 63 63 127 63 255 191 191 127 255 63 255 63 0 0 0 0 0 0 0 0 0 127 127 127 255 255 255 255 255 191 127 63 63 0 0 0 0 0 0 0 0 0 0 127 191 191 63 0 0 0 0 0 0 0 0 0 127 0 0 0 0 0 0 0 0 0 0 0 0 0 0 0 0 0 0 0 0 0 0 0 0 0 0 0 0 63 63 0 0 0 0 0 0 0 0 127 0 191 127 63 63 191 63 0 127 0 0 0 0 0 0 127 127 0 0 0 0 0 0 63 0 0 63 0 0 127 255 255 0 0 0 0 0 63 0
0 0 0 127 127 255 127 191 191 127 0 0 0 127 0 0 0 0 0 0 255 127 63 63 127 63 0 0 63 63 127 63 63 0 0 0 0 127 191 255 127 191 0 0 0 0 0 0 0 0 0 0 0 0 0 0 0 0 0 0 0 0 0 255 0 0 0 0 63 0 0 127 127 191 127 63 63 0 0 0 0 0 0 0 63 127 63 0 127 63 0 127 127 0 191 0 0 63 191 127 127 0 191 63 0 0 63 255 255 0 0 0 0 0 0 0 0 0 0 0 0 0 0 0 63 0 0 0 0 0 0 0 0 0 0 0 0 0 0 0 0 0 0 0 0 0 0 0 0 0 0 0 0 0 0 0 0 0 0 0 127 127 127 255 191 255 255 255 255 255 127 191 127 63 127 63 0 0 0 63 127 127 127 63 127 191 191 255 127 127 127 127 0 191 63 0 0 0 0 0 0 0 0 0 0 0 0 0 63 127 127 127 0 0 0 0 0 0 0 63 127 127 127 0 0 0 0 0 0 0 0 0 0 0 0 63 0 0 0 0 0 0 0 0 0 0 0 0 0 0 0 0 0 0 0 0 0 0 0 0 0 0 0 0 0 0 0 0 0 0 63 0 0 0 0 0 0 191 63 0 255 127 0 0 0 0 0 0 0 0 127 255 127 127 63 0 0 0 63 63
0 0 191 255 127 255 191 127 127 255 127 0 0 0 0 0 0 0 0 0 191 191 63 127 63 63 63 0 0 0 255 127 63 0 0 0 0 0 0 127 127 127 0 255 0 63 0 0 0 0 0 63 0 0 0 0 0 0 0 0 0 0 0 0 0 0 63 0 0 127 0 0 127 255 191 0 0 0 0 0 0 63 191 0 0 191 63 0 63 63 0 127 127 0 0 0 63 191 191 191 191 191 63 63 0 0 0 127 255 127 0 0 0 0 0 0 0 0 0 63 63 63 0 0 63 63 0 0 0 0 0 0 0 0 0 0 0 0 0 0 0 0 0 0 0 0 0 0 0 0 0 0 0 63 127 191 191 255 255 255 255 255 255 191 191 191 191 127 255 0 127 191 127 255 255 191 255 127 191 127 127 191 191 127 191 255 191 255 191 127 0 63 0 127 127 63 0 0 0 0 0 0 0 0 0 0 0 0 0 0 191 63 127 0 0 0 0 0 0 0 63 63 127 127 63 127 0 0 0 0 0 0 0 0 0 0 0 0 0 0 0 0 0 0 0 0 0 0 0 0 0 0 0 0 0 0 0 0 0 0 63 0 0 0 0 0 0 0 0 0 63 0 0 0 0 0 63 127 63 0 191 127 0 0 0 0 0 63 0 0 127 255 127 0 0 0 0 0 0 0
255 191 127 127 127 63 63 0 63 191 127 63 127 63 0 127 63 255 255 255 191 191 127 0 63 0 0 0 0 63 255 191 0 0 63 127 0 0 0 127 63 0 0 0 63 191 63 0 0 0 63 0 0 0 0 0 0 0 0 0 0 0 0 0 0 0 63 0 0 0 0 0 191 127 191 63 0 0 0 0 191 63 0 0 0 0 0 0 127 63 0 63 127 0 0 63 255 191 255 255 255 127 0 0 0 0 0 0 191 127 0 0 0 0 0 0 0 0 0 63 127 63 63 0 63 0 127 0 0 0 0 0 0 0 0 0 0 127 127 127 127 127 255 255 255 0 0 0 0 0 0 0 0 63 255 255 127 127 255 255 191 63 191 191 191 191 255 191 191 191 127 127 63 127 191 191 255 255 127 63 127 127 127 191 191 127 255 191 0 0 0 0 0 127 127 127 127 0 0 0 0 0 0 0 0 0 0 0 0 0 63 0 127 191 0 0 0 0 0 63 0 0 0 0 63 0 63 0 0 0 0 0 0 0 0 0 0 0 0 0 0 0 0 0 0 0 0 0 0 0 0 0 0 0 0 0 0 0 0 0 0 0 0 127 127 0 0 0 0 0 0 0 0 0 0 0 127 127 191 0 63 0 0 0 0 0 0 0 0 0 0 255 0 0 0 0 0 0 0 0
0 0 0 0 63 0 0 0 0 0 127 191 0 0 63 0 63 127 63 127 127 191 191 0 0 0 127 255 0 0 0 0 0 0 0 63 63 0 0 0 0 0 63 63 0 0 0 0 0 0 0 0 0 0 0 0 0 0 0 0 0 0 0 63 127 0 0 0 0 127 63 63 127 0 191 191 0 0 0 0 63 191 127 63 0 0 63 127 0 127 0 63 191 0 0 127 255 255 255 255 255 0 63 63 0 0 0 0 0 127 0 0 0 0 0 0 0 0 127 0 0 63 0 0 0 0 0 0 0 0 0 63 127 127 191 255 255 255 191 255 255 255 255 191 255 0 63 0 0 0 0 0 191 127 255 191 191 127 63 255 127 0 255 63 191 127 63 0 0 63 0 63 0 0 63 191 255 255 191 255 191 191 127 191 191 63 63 63 0 0 0 127 0 63 63 63 0 0 0 0 0 0 0 0 0 0 0 0 0 0 0 0 0 0 63 0 0 0 127 0 127 63 0 0 0 127 0 63 63 127 0 0 0 0 0 0 0 0 0 0 0 0 0 0 63 0 0 0 0 0 0 0 0 0 0 0 0 0 0 0 0 0 0 0 0 0 0 0 0 63 0 0 0 0 0 0 0 0 127 0 0 0 0 0 0 0 0 0 0 0 0 255 0 0 0 0 0 0 0 0
63 63 0 63 0 0 0 0 0 127 127 127 0 0 0 0 63 0 0 0 0 127 191 0 0 0 0 0 63 0 0 0 0 0 0 0 0 127 127 0 0 0 0 0 0 0 0 0 0 0 0 0 0 0 0 0 0 0 0 0 0 0 63 63 0 0 255 63 0 127 63 0 0 63 191 127 63 255 0 0 63 191 127 63 0 0 127 127 0 255 0 0 63 0 0 127 255 127 0 0 0 0 0 0 0 0 0 0 0 0 0 0 0 0 0 0 0 0 0 0 0 0 0 0 0 0 0 63 127 191 191 127 255 191 255 255 255 255 255 255 127 63 255 255 255 191 0 191 0 0 0 63 63 255 191 127 127 63 63 191 63 63 191 127 63 0 0 0 0 0 0 63 0 0 127 191 63 127 255 191 63 63 127 127 0 63 0 0 0 0 0 0 0 0 127 63 191 0 0 0 0 0 0 0 0 0 0 0 0 0 0 63 0 0 0 0 0 0 63 127 63 127 0 0 0 0 0 63 255 191 0 0 0 0 0 0 0 0 0 0 0 0 0 0 0 0 0 0 0 0 0 0 0 0 0 0 0 0 0 0 0 0 0 0 0 0 0 0 0 0 0 0 0 0 0 0 0 0 191 0 0 0 0 0 0 0 0 0 0 0 0 127 0 0 0 0 0 0 0 0
191 255 127 0 0 0 0 0 0 63 63 127 63 0 0 0 63 0 0 63 0 127 255 63 63 0 0 0 0 0 63 127 255 63 191 0 0 127 127 0 0 0 0 0 0 0 63 0 191 191 0 0 0 0 255 0 127 0 0 0 0 0 0 0 0 63 0 0 0 0 63 0 127 63 63 127 63 0 0 0 0 127 127 0 63 0 63 127 0 63 0 0 0 0 127 255 255 0 0 0 0 0 0 0 0 0 0 0 0 63 0 0 0 0 0 0 0 0 0 0 0 0 0 0 0 63 191 255 255 255 191 191 127 255 255 255 127 191 255 191 63 191 191 63 191 255 127 0 0 0 0 0 0 0 0 191 127 127 0 0 0 63 0 0 0 0 0 0 0 0 0 63 0 0 63 255 255 0 0 0 0 0 0 127 127 0 0 0 0 0 0 0 0 0 63 0 0 63 0 0 0 0 0 0 0 0 0 0 0 0 0 0 0 0 0 0 0 0 0 0 0 63 0 0 0 0 0 0 63 0 0 0 0 0 0 0 0 0 0 0 0 0 0 0 0 0 0 0 0 0 0 0 0 0 0 0 0 0 0 0 0 63 0 0 0 0 0 0 0 0 0 0 0 0 0 0 0 0 127 0 0 63 0 0 0 127 0 0 0 0 0 0 0 0 0 0 0 0 0 63
127 191 63 0 0 0 0 0 0 0 0 0 0 0 63 255 127 0 63 63 0 63 63 63 0 0 0 127 63 0 255 191 127 191 127 255 0 0 0 0 0 0 0 127 127 0 191 127 255 191 63 63 127 63 63 0 0 0 0 127 0 63 0 0 0 63 191 0 0 127 255 127 0 127 0 127 127 127 0 0 0 0 191 255 0 0 0 0 0 0 63 63 0 0 63 63 63 0 0 0 0 0 0 0 0 0 0 0 0 0 0 0 0 0 0 0 0 0 0 0 0 0 63 0 0 0 191 255 255 255 255 63 63 191 255 255 255 191 127 127 63 0 0 0 127 127 127 0 0 0 0 0 0 0 0 0 0 0 0 0 0 0 0 0 0 0 0 0 0 0 0 63 63 0 127 255 255 191 0 0 0 0 0 0 0 0 0 0 0 0 0 0 0 0 63 0 0 0 0 0 0 0 0 0 0 0 0 0 0 0 0 0 0 0 0 0 0 0 0 127 63 0 63 127 0 0 63 0 0 0 127 63 0 0 0 0 0 0 0 0 0 0 0 0 63 63 0 0 0 0 0 0 0 0 0 0 0 0 0 0 0 0 0 0 0 0 0 0 0 0 0 0 0 0 0 0 0 0 63 0 0 191 0 0 0 0 63 0 0 0 0 63 0 0 0 0 0 63 0 0
0 0 127 0 0 0 0 0 0 0 0 0 0 0 63 63 127 191 127 63 0 127 127 127 0 0 0 0 63 63 63 63 0 191 127 255 255 63 63 127 127 0 63 191 63 127 127 0 0 63 127 63 127 0 127 63 63 127 0 0 63 127 127 63 191 255 127 191 127 191 63 0 0 0 0 255 63 63 127 0 0 0 0 191 63 0 0 63 0 0 63 0 0 63 127 63 63 0 0 0 0 0 0 0 0 0 0 0 63 127 0 63 255 0 0 0 127 0 0 0 0 0 0 0 0 0 127 191 191 191 127 127 63 0 63 0 0 63 0 0 0 63 191 63 127 255 191 0 0 0 0 0 0 0 0 0 0 127 0 0 0 0 0 0 0 0 0 0 0 0 0 0 0 127 0 127 255 255 0 0 0 0 0 0 0 0 0 0 0 0 0 0 0 0 63 63 0 127 63 0 0 0 0 0 0 0 0 0 0 0 0 0 0 0 63 0 63 0 0 63 0 127 191 127 0 0 0 0 0 0 0 0 191 255 0 0 0 0 0 63 0 0 0 0 0 0 0 0 0 0 0 0 127 0 0 0 0 0 0 0 0 0 0 0 0 0 0 0 0 0 0 0 0 0 0 0 0 0 0 0 0 255 0 0 0 0 63 0 0 0 0 0 0 0 0 0 0 0 0 0
0 0 0 0 0 0 0 0 0 0 0 0 0 0 0 0 63 0 0 63 63 63 0 63 0 191 63 0 0 0 0 127 127 63 63 0 127 191 191 191 191 63 0 191 0 0 0 0 0 63 127 63 0 127 63 255 191 127 191 127 191 191 191 191 255 255 255 191 191 63 0 0 127 0 63 191 255 0 0 0 0 0 0 63 0 127 63 127 191 63 127 0 0 0 0 0 127 63 0 63 0 127 127 191 127 191 191 127 255 255 0 63 255 255 127 63 127 0 0 0 0 0 0 0 0 0 63 63 191 0 0 63 127 0 0 0 0 0 0 0 0 0 0 0 0 127 127 0 0 0 0 0 0 0 0 0 0 0 63 127 0 0 0 0 0 0 0 0 0 0 63 0 0 63 0 127 255 255 63 0 0 0 0 0 0 0 0 0 0 0 0 0 0 0 0 0 0 127 127 0 0 0 0 0 0 0 0 0 0 0 0 63 0 0 0 0 0 0 0 0 0 0 63 0 0 0 0 0 0 0 0 0 0 0 0 0 0 0 0 0 0 0 0 0 0 0 0 0 0 0 0 0 0 0 0 0 0 0 0 0 0 0 0 0 0 0 0 0 0 0 0 0 0 0 0 0 0 0 0 0 0 0 0 0 0 0 63 0 0 0 0 0 127 63 0 0 63 63 0 0
0 127 0 127 0 127 0 0 0 63 63 127 63 0 0 63 63 63 127 63 63 63 127 63 0 63 63 63 63 0 0 0 0 0 127 127 127 255 191 127 255 127 0 63 0 0 127 63 0 0 255 63 0 255 255 255 255 255 255 255 255 191 127 0 255 255 0 0 0 0 0 0 0 0 0 63 0 0 0 0 0 0 0 63 127 63 0 0 0 0 0 63 127 0 0 63 255 127 127 255 191 191 191 63 127 255 127 255 255 191 127 63 127 127 127 127 63 0 0 0 0 0 0 0 0 0 0 0 0 63 0 191 63 0 0 0 0 0 0 0 0 0 0 0 0 127 63 0 0 0 0 0 0 0 0 0 0 0 63 63 0 0 0 0 0 0 0 0 0 0 0 0 0 127 0 127 255 255 127 0 0 0 0 0 0 0 0 0 0 0 0 0 0 0 0 127 0 127 127 0 0 0 0 0 0 0 0 0 0 0 0 0 63 0 0 0 0 0 0 0 0 0 0 0 0 0 0 0 0 0 0 127 0 0 0 0 127 0 0 0 0 0 127 0 0 0 0 0 0 0 0 0 0 0 0 0 0 0 0 0 0 0 0 0 0 0 0 0 0 0 0 0 0 0 0 0 0 0 0 0 0 0 0 0 0 63 0 0 0 0 63 0 127 0 0 0 0 0 0 0
63 0 0 0 0 63 63 0 0 127 63 127 191 0 0 0 0 0 0 63 255 191 127 255 0 0 0 0 0 63 0 255 127 127 191 191 191 255 127 63 127 191 0 63 255 255 255 127 0 0 127 63 63 127 255 191 255 127 127 191 127 63 127 127 255 63 0 0 0 0 0 0 0 0 0 0 0 0 0 0 0 0 63 0 0 0 0 63 191 127 127 255 127 63 63 191 255 127 0 127 127 127 127 63 63 63 63 127 191 191 255 0 191 255 63 63 63 0 0 0 0 0 0 63 0 0 0 0 0 0 0 191 63 0 0 0 0 0 0 0 0 0 0 63 0 127 127 0 63 63 0 0 0 0 0 0 0 0 0 0 0 0 0 0 0 0 0 0 0 0 0 0 0 0 0 0 255 255 191 0 0 0 0 0 0 0 0 0 0 0 0 0 0 0 0 127 63 127 127 0 0 0 0 0 0 0 0 0 0 0 0 0 0 63 0 0 0 0 0 0 0 0 0 0 0 0 0 0 0 0 0 0 0 0 0 0 63 127 63 0 0 0 0 63 63 0 0 0 0 0 0 0 0 0 0 0 0 0 0 0 0 0 0 0 0 0 0 0 0 0 0 0 0 0 0 0 0 0 0 0 0 0 0 0 0 0 0 0 0 0 0 0 0 0 0 0 0 0 0 0
63 0 0 0 0 0 63 0 0 0 0 0 127 0 0 0 0 63 0 63 0 63 0 191 63 0 0 0 0 0 0 255 255 0 127 0 0 127 0 0 0 0 0 191 127 255 255 255 127 127 63 63 0 0 0 0 0 0 0 0 0 0 0 0 63 0 0 0 0 0 0 0 0 0 0 0 0 0 0 0 0 0 0 0 63 0 0 63 127 127 191 127 191 255 127 191 127 63 0 0 0 0 0 0 0 0 0 0 127 127 63 63 0 127 191 0 0 0 191 191 0 0 63 191 0 0 0 0 63 0 0 63 255 0 0 0 0 0 0 0 0 0 0 0 63 0 191 63 0 0 0 0 0 0 0 0 0 0 0 0 0 0 0 0 0 0 0 0 0 0 0 0 0 0 0 0 255 255 255 0 0 0 0 0 0 0 0 0 0 0 0 0 0 0 0 127 0 0 63 0 0 0 0 0 0 0 0 0 0 0 0 0 0 0 0 0 0 0 0 0 0 0 0 0 0 0 0 0 0 0 0 0 0 0 0 0 0 63 63 0 63 0 0 0 0 127 0 0 0 0 0 0 0 0 0 0 0 0 0 0 0 0 0 0 0 0 0 0 0 0 0 0 0 0 0 0 0 0 0 0 0 0 63 0 0 0 0 0 0 0 0 0 0 0 0 0 0 0 0 0
255 63 0 0 0 0 63 0 0 0 0 63 191 63 0 0 255 255 63 63 0 0 0 127 191 0 0 0 0 63 0 255 255 0 0 0 0 0 0 0 0 0 0 127 0 0 0 0 255 127 0 0 0 0 0 0 0 0 0 0 0 0 0 0 0 0 0 0 0 0 0 0 0 0 0 0 0 0 0 0 0 0 0 0 0 0 127 191 191 255 255 255 255 255 255 255 63 0 0 0 0 0 0 0 0 0 0 0 0 63 0 127 63 63 255 127 0 0 63 63 0 0 0 0 63 0 0 0 0 127 63 0 127 191 0 0 0 0 0 0 0 0 0 0 0 0 255 0 0 0 0 0 0 0 0 0 0 0 0 0 0 0 0 0 0 0 0 0 0 0 0 0 0 0 0 63 127 255 255 63 0 0 0 0 0 0 0 0 0 0 0 0 0 0 0 127 127 127 191 0 0 0 0 0 63 0 0 0 0 0 0 0 0 63 127 0 0 0 0 0 0 0 0 0 0 0 0 0 0 0 0 255 0 0 0 63 0 0 0 0 0 63 0 0 0 0 0 0 0 0 0 0 0 0 0 0 0 0 0 0 0 0 0 0 0 0 0 0 0 0 0 0 0 0 0 0 0 0 0 0 0 0 0 0 0 0 0 0 0 0 0 0 0 63 0 0 0 0 0 0
191 127 127 0 63 191 127 0 0 0 0 255 191 255 0 127 63 0 63 63 63 0 63 127 127 0 0 0 0 0 0 191 63 0 0 0 0 0 0 0 0 0 0 0 0 0 63 0 0 0 0 0 0 0 0 0 0 0 0 0 0 0 0 0 0 0 0 0 0 0 0 0 127 63 63 191 0 0 0 0 0 0 0 63 127 255 255 191 127 191 191 255 63 63 0 0 63 0 0 0 0 0 0 0 0 0 0 0 0 0 0 0 0 127 127 255 63 0 0 127 0 0 0 0 63 0 0 0 0 0 0 127 0 191 63 0 0 0 0 0 0 0 0 63 0 0 191 0 0 0 0 0 0 0 0 0 0 0 0 0 0 0 0 0 0 0 0 0 0 0 0 63 0 0 127 0 127 255 255 63 0 0 0 0 0 0 0 0 0 0 0 0 0 0 0 63 63 63 255 127 0 0 0 63 127 63 0 0 0 0 0 0 0 0 0 0 0 0 0 0 0 0 0 0 0 0 0 0 0 0 0 0 0 0 0 0 0 0 0 0 0 0 63 0 0 0 0 0 0 0 0 0 0 0 0 0 0 0 0 0 0 0 0 0 0 0 0 0 0 0 0 0 0 0 0 0 0 0 0 0 0 0 63 0 0 0 0 0 0 0 0 0 0 0 63 0 0 0 0 0
127 63 127 191 63 0 63 0 63 0 0 0 127 255 191 255 255 127 0 0 127 0 63 63 255 63 63 0 0 0 0 0 0 0 0 0 0 0 0 0 0 0 0 0 0 0 0 0 0 0 0 0 63 0 0 0 0 0 0 0 0 0 0 0 0 0 127 127 127 127 63 127 255 255 255 127 127 0 0 63 0 0 0 0 63 127 0 0 0 0 63 191 127 0 0 0 0 0 0 0 0 0 0 0 0 0 0 0 0 0 0 0 0 0 63 255 63 0 0 0 63 0 0 0 0 0 0 0 0 0 0 63 63 127 191 0 0 0 0 0 0 0 0 0 0 0 255 127 0 0 0 0 0 0 0 0 0 0 0 0 0 0 0 0 0 0 0 0 0 0 63 0 0 0 0 0 127 255 255 127 0 0 0 0 0 0 0 0 0 0 0 0 0 0 0 63 127 63 127 127 0 0 0 0 0 0 0 0 0 0 0 0 0 0 127 0 0 0 0 0 0 0 0 0 0 0 0 0 0 0 0 0 0 0 0 0 127 0 0 0 0 0 63 63 0 0 0 0 0 0 0 0 0 0 0 0 0 0 0 0 0 0 0 0 0 0 0 0 0 0 0 0 0 0 0 0 0 0 0 0 0 0 63 0 0 0 0 0 0 0 0 0 0 63 63 0 0 0 0 0
0 191 63 0 0 63 63 191 63 0 0 0 0 255 255 191 127 191 191 191 255 127 127 0 63 63 0 63 0 0 0 0 0 0 0 0 0 0 0 0 0 0 0 0 0 0 0 0 0 0 0 0 0 0 0 0 0 0 0 0 0 0 63 0 127 127 255 255 255 127 127 63 63 127 191 0 63 63 0 127 0 0 0 0 0 0 0 0 0 0 0 127 127 0 0 0 0 0 0 0 0 0 0 0 0 0 0 0 0 0 0 0 0 0 0 191 127 191 63 63 127 0 63 0 0 0 0 0 0 0 0 0 127 0 255 63 0 0 0 0 0 0 0 0 0 0 191 127 0 0 0 0 0 0 0 0 0 0 0 0 0 0 0 0 0 0 0 0 0 0 0 0 0 0 0 0 63 255 255 127 0 0 0 0 0 0 0 0 0 0 0 0 0 0 0 0 127 63 0 191 0 0 0 0 0 0 0 0 0 0 0 191 191 255 63 0 0 0 0 0 0 63 0 0 0 127 63 0 0 0 0 0 0 0 0 0 127 0 0 0 0 0 0 63 127 0 0 0 0 0 0 0 0 0 0 0 0 0 0 0 0 0 0 0 0 0 0 0 0 0 0 0 0 0 0 0 0 0 0 0 0 63 0 63 0 0 0 0 0 0 0 0 0 0 63 0 0 0 0 0
127 127 127 0 255 191 63 127 0 0 0 0 0 63 127 63 127 0 63 63 63 0 0 0 0 0 63 127 0 0 0 0 0 0 0 0 0 0 0 0 0 0 0 0 0 0 0 0 0 0 0 0 0 0 0 0 0 0 191 191 191 255 255 191 191 127 191 191 0 0 255 127 0 0 127 0 127 255 127 0 0 0 0 63 0 0 0 0 0 0 0 63 63 0 0 0 0 0 0 0 0 0 0 0 0 0 0 0 0 0 0 0 0 0 0 191 255 255 0 0 63 63 127 0 0 63 0 0 0 0 0 0 63 63 63 255 0 0 0 0 0 0 0 0 0 0 127 191 255 255 0 0 0 0 0 0 0 0 0 0 0 0 0 0 0 0 0 0 0 0 63 127 63 0 0 0 63 255 255 255 0 0 0 0 0 0 63 127 0 0 0 127 0 0 0 0 191 63 0 191 0 0 0 0 63 0 0 0 0 0 0 191 63 191 63 63 127 0 0 0 0 0 0 0 0 0 0 0 0 0 0 255 0 0 0 0 0 0 0 0 0 0 0 0 0 0 0 0 0 0 0 0 0 0 0 0 0 0 0 0 0 0 0 0 0 0 0 0 0 0 0 0 0 0 0 0 0 0 0 0 63 0 0 0 0 0 0 0 0 0 0 0 0 63 63 0 0 0 0 0
63 127 63 0 63 191 127 63 63 0 0 0 0 0 0 0 0 0 0 0 0 0 63 63 0 0 0 0 0 0 0 0 0 0 0 0 0 0 0 0 0 0 63 0 0 0 0 63 0 0 0 0 63 127 127 191 127 191 255 191 191 255 191 255 255 255 63 63 0 0 63 0 0 0 127 0 63 255 0 0 0 0 0 63 0 0 63 0 0 0 0 63 127 127 0 0 0 0 0 0 0 0 0 0 0 0 0 0 0 0 0 0 0 0 0 127 255 191 127 63 0 127 0 0 0 0 0 0 0 0 0 0 0 63 0 255 63 63 63 0 0 0 0 0 0 0 63 255 0 0 0 0 0 0 0 0 0 0 0 0 0 0 0 0 0 0 0 0 0 0 0 0 63 0 0 0 0 255 255 255 0 0 0 0 0 0 0 0 0 63 63 63 127 127 127 127 191 63 0 255 0 0 0 0 0 0 0 0 0 0 63 255 255 63 127 127 63 0 0 0 0 0 0 0 0 0 0 0 0 63 63 255 0 0 0 0 0 0 0 0 0 0 0 0 0 0 63 63 0 0 0 0 0 0 0 0 0 0 0 0 0 0 0 0 0 0 0 0 0 0 0 0 0 0 0 0 0 0 0 0 63 0 0 0 0 0 0 0 0 0 0 0 0 0 127 0 0 0 0 0
0 0 127 127 63 0 0 0 0 0 0 0 0 0 0 0 0 0 0 0 0 0 0 0 0 0 0 0 0 0 0 0 0 0 63 0 0 0 0 0 255 255 255 127 127 127 191 255 255 255 127 127 255 127 63 127 191 255 191 191 255 63 127 191 127 127 0 63 0 0 0 0 0 0 127 63 0 0 191 0 0 0 0 0 0 0 0 0 0 0 0 63 127 127 0 0 0 0 0 0 0 0 0 0 0 0 0 0 0 0 0 0 0 0 0 0 255 255 127 63 0 0 0 191 0 0 0 0 0 0 0 0 0 0 63 0 191 0 0 0 0 0 0 0 0 0 63 255 0 127 0 63 0 0 0 0 0 0 0 0 0 0 0 0 0 0 0 0 0 0 0 0 0 0 0 0 0 127 255 255 127 127 0 191 63 191 127 191 191 255 127 191 127 127 63 0 127 127 0 191 0 0 0 0 0 0 127 127 127 255 255 63 127 63 191 127 0 127 0 0 0 0 0 0 0 0 0 0 0 0 0 0 0 0 0 0 0 0 0 0 0 0 63 0 0 0 0 0 0 0 0 0 0 0 0 0 0 0 0 0 0 0 0 0 0 0 0 0 0 0 0 0 0 0 0 0 0 0 0 0 0 0 0 0 0 0 0 0 0 0 0 0 0 0 0 0 0 0 0 63
127 255 191 191 127 0 0 0 63 127 0 0 0 0 0 0 0 0 0 0 0 0 0 0 0 0 0 0 0 0 0 0 0 63 255 191 127 191 127 191 255 255 255 255 255 191 127 127 191 255 191 255 255 255 191 191 191 191 127 63 255 0 0 127 127 127 255 127 127 63 0 0 0 0 127 127 63 127 255 0 0 0 0 0 0 0 0 0 0 0 0 0 191 255 0 0 0 0 0 0 0 0 0 0 0 0 0 0 0 0 0 0 0 0 0 0 127 255 191 63 0 0 127 0 0 0 0 0 0 0 0 0 0 0 127 0 255 255 127 127 127 255 0 0 0 0 0 191 255 0 191 63 0 0 127 0 0 0 0 0 191 0 0 0 63 0 0 0 0 0 0 0 127 0 0 0 0 255 255 255 255 191 191 191 63 127 127 63 191 127 0 63 0 127 63 0 63 127 63 191 127 127 191 255 191 127 255 63 191 63 191 63 0 127 255 63 0 0 0 0 0 0 0 0 0 0 0 0 0 0 0 0 0 0 0 63 0 0 0 0 0 0 0 0 0 0 0 0 0 0 0 0 0 0 0 0 0 0 0 0 0 0 0 0 0 0 0 0 0 0 0 0 0 0 0 0 0 0 0 0 63 0 0 0 0 0 0 0 0 0 0 0 0 0 0 0 0 0 191 63
0 0 0 127 0 0 0 0 0 127 0 0 0 0 0 0 0 0 0 0 0 0 127 127 127 0 0 0 0 0 0 0 0 63 63 127 127 255 127 0 0 0 127 191 255 255 255 255 127 191 255 127 191 191 191 63 127 127 63 127 63 63 127 63 0 0 0 0 0 0 63 0 0 0 127 191 63 0 0 0 0 0 0 0 63 0 0 0 0 0 0 0 63 255 0 0 0 0 0 0 0 0 0 0 0 0 0 0 0 0 0 0 0 0 0 0 0 255 191 127 0 0 127 127 0 0 0 0 0 0 0 0 0 0 63 255 255 255 127 191 255 127 0 0 0 0 63 127 191 0 0 0 0 0 0 0 0 0 63 0 0 0 0 0 0 0 0 0 0 0 0 0 0 0 0 0 0 63 191 255 255 127 191 0 63 255 191 127 127 0 63 0 0 0 0 0 0 0 127 191 127 255 191 255 191 255 127 255 191 191 127 0 0 127 255 255 0 0 0 0 0 0 0 0 0 0 0 0 0 0 63 0 0 0 63 63 127 63 63 0 0 0 0 0 0 0 0 0 0 63 63 0 0 0 0 0 0 0 0 0 0 0 0 0 0 0 0 0 0 0 0 0 0 0 0 0 0 0 0 63 127 255 255 0 0 0 0 0 0 0 0 0 0 0 0 0 0 0 0 0
0 0 0 0 0 0 0 0 0 0 0 0 0 0 0 0 127 127 127 127 191 255 255 255 255 191 127 63 0 0 0 0 0 127 0 0 63 63 255 63 0 0 0 127 191 127 63 0 127 127 0 0 127 255 127 127 191 127 0 0 0 0 0 0 0 0 0 0 0 0 0 0 0 0 63 127 63 0 0 0 0 0 0 0 127 63 0 0 0 0 0 0 0 255 0 0 0 0 0 0 0 0 0 0 0 0 0 0 0 0 0 0 0 0 0 0 0 127 255 255 63 0 63 63 0 0 0 0 0 0 0 0 0 0 63 127 191 127 255 63 63 191 191 127 191 63 63 191 191 0 0 0 0 0 0 0 0 0 0 0 0 0 0 0 0 0 63 0 0 0 0 0 0 63 0 0 63 63 0 63 255 0 63 63 63 63 63 127 0 0 0 0 0 0 0 0 0 127 0 0 255 127 191 191 191 255 255 255 255 127 63 0 0 63 255 63 63 0 0 0 0 0 0 0 0 0 63 0 0 0 0 0 0 0 0 63 0 0 0 0 63 0 0 0 0 0 0 0 0 0 0 0 0 0 0 0 0 0 0 0 0 0 0 0 0 0 0 0 0 0 0 0 0 0 0 0 0 0 0 0 127 63 0 191 63 0 0 0 0 0 63 0 0 0 0 0 0 0 0 0
0 0 0 0 0 0 63 127 127 0 0 127 63 127 63 0 191 191 191 191 255 255 255 191 255 191 255 63 63 0 0 0 0 127 0 0 0 0 0 0 0 0 0 63 63 255 127 127 127 127 63 63 0 0 0 63 0 0 0 0 0 0 0 0 0 0 0 0 0 0 127 63 0 0 127 255 63 0 0 127 0 0 0 0 0 0 0 0 0 0 0 0 63 255 127 0 0 0 0 0 0 0 0 0 0 0 0 0 0 0 0 0 0 0 0 0 0 0 191 255 127 0 63 127 0 0 0 0 0 0 0 0 0 63 127 0 191 63 255 255 255 255 191 255 0 127 63 191 255 0 0 0 63 0 0 63 0 0 0 0 0 63 0 0 63 0 0 0 0 0 0 0 0 0 0 0 0 63 0 127 127 0 0 0 0 127 63 0 0 0 0 0 0 0 0 0 0 0 63 255 255 127 191 127 63 127 127 0 63 0 63 63 127 63 191 63 63 0 0 0 0 0 0 0 63 0 0 0 0 0 0 0 0 0 0 0 0 0 0 0 0 0 0 0 0 0 0 0 0 127 0 0 0 0 0 0 0 0 0 0 0 0 0 0 0 0 0 0 0 0 0 0 0 0 0 0 0 0 0 0 0 127 63 0 0 0 0 0 0 0 0 0 0 0 0 0 0 0 0 0
0 0 191 63 0 127 127 127 255 127 63 63 255 63 63 0 127 191 255 255 127 127 127 63 0 63 255 127 191 0 0 0 0 63 63 0 0 0 0 0 0 0 0 127 0 0 0 0 0 127 0 0 0 0 0 0 0 0 0 0 0 0 0 0 0 0 0 0 0 0 0 0 0 0 0 191 191 0 127 0 0 0 0 0 0 127 0 0 0 0 0 0 63 127 127 0 0 0 0 0 0 0 0 0 63 0 0 0 0 0 63 0 0 0 0 0 0 0 63 255 191 191 127 127 0 0 0 0 0 0 0 0 0 63 0 63 63 63 191 191 127 127 191 127 127 0 0 63 255 191 0 127 127 0 0 0 0 0 191 127 191 127 127 63 63 63 127 127 63 63 0 127 63 127 0 0 0 0 0 127 63 0 0 0 0 0 0 0 0 0 0 0 0 0 0 0 127 127 63 0 127 0 0 0 0 0 0 0 0 0 0 0 0 0 127 127 63 63 0 0 0 0 0 0 0 0 0 0 0 0 0 0 0 0 0 0 0 0 0 0 0 0 0 0 0 0 0 0 0 0 0 0 0 0 0 0 0 0 0 0 0 0 0 0 0 0 0 0 0 0 0 0 127 0 127 0 0 0 0 0 0 0 0 0 0 0 0 0 0 0 0 0 0 0 0 0 0 0 0 0
0 127 255 127 63 191 191 63 63 63 127 127 0 0 63 0 0 63 255 127 0 0 0 0 0 63 191 0 127 63 0 0 0 0 127 0 0 127 0 0 0 0 0 0 0 0 0 0 0 0 0 0 0 0 0 0 63 0 63 0 0 0 0 0 0 0 0 0 0 0 0 0 0 0 0 255 255 0 63 63 0 0 0 63 0 127 255 0 0 0 0 0 0 191 191 0 0 0 0 0 0 0 0 0 0 0 0 0 0 0 0 0 0 0 0 0 0 191 255 191 255 191 63 0 191 191 0 0 0 0 0 0 0 0 0 0 0 127 63 63 0 63 127 127 0 127 0 0 255 191 0 0 0 0 0 0 0 63 63 63 191 63 191 191 127 63 127 127 127 255 255 191 255 127 191 0 0 0 0 63 0 0 0 0 0 0 0 0 0 0 0 0 0 0 0 63 63 0 0 0 127 0 0 0 0 0 0 0 0 0 0 0 0 0 0 0 191 191 127 0 0 0 0 0 0 0 0 0 0 0 0 0 0 0 0 0 0 0 0 0 0 0 0 0 0 0 0 0 0 0 0 0 0 0 0 0 0 0 0 0 0 0 0 0 0 0 0 0 0 0 0 0 0 0 0 0 0 0 0 0 0 0 0 0 0 0 0 0 0 0 0 0 0 0 0 0 0 0 0 0
63 255 255 255 127 63 0 0 63 0 0 0 0 0 127 127 0 63 127 0 0 0 0 0 0 63 0 0 0 0 0 0 0 63 127 0 0 0 0 0 0 0 0 0 0 0 0 0 0 0 0 0 0 0 0 0 63 0 0 0 63 127 63 0 191 191 127 0 0 0 0 0 0 0 0 63 255 63 0 63 0 0 0 63 0 0 0 0 0 0 0 0 0 127 255 0 0 0 0 0 0 0 0 0 0 0 0 0 0 0 0 0 0 0 63 191 0 63 191 63 255 127 191 0 191 0 0 0 0 0 0 0 0 0 0 0 63 63 63 0 0 0 127 0 0 63 63 0 255 255 127 0 0 0 0 127 0 0 0 63 191 63 255 255 191 255 255 255 191 191 63 191 0 63 63 0 0 0 0 0 0 0 0 0 0 0 0 0 0 0 0 0 0 0 0 0 0 0 0 0 0 0 0 0 0 0 0 0 0 0 0 0 0 0 0 0 63 127 127 0 0 0 0 127 0 0 0 0 0 0 0 0 0 0 0 0 0 0 0 0 0 0 0 0 0 0 0 0 0 0 0 0 0 0 0 0 0 0 0 0 0 0 0 127 0 0 0 0 0 0 0 0 0 0 0 63 0 0 0 0 0 0 0 0 0 0 0 0 0 0 0 0 0 0 0 0 0 0 191 63
127 127 63 0 127 0 0 0 63 0 0 0 0 0 0 127 0 127 0 0 0 0 0 0 0 0 0 63 0 63 0 0 0 63 127 63 0 127 0 0 0 0 0 0 0 0 0 0 0 0 0 0 0 63 63 127 63 63 63 127 63 0 0 0 0 0 0 0 0 0 0 0 0 0 0 127 255 191 0 0 0 0 0 63 0 0 0 0 0 0 0 0 0 191 255 63 0 0 0 0 0 0 0 63 0 0 0 0 0 0 0 0 0 0 255 127 0 0 63 0 127 255 191 0 63 127 0 0 0 0 0 0 0 0 0 0 0 0 63 0 0 0 0 0 0 0 0 0 191 191 127 0 0 0 0 0 0 0 0 0 127 0 255 255 191 191 191 191 127 191 63 0 0 63 0 127 0 0 0 63 127 0 0 0 0 0 0 0 0 0 0 0 0 0 0 0 0 0 0 0 63 0 0 0 0 0 0 0 0 0 0 0 0 0 0 191 0 0 0 0 63 0 0 63 0 0 0 0 0 0 0 0 0 0 0 0 0 0 0 0 0 0 0 0 0 0 0 0 127 0 255 127 0 0 0 0 0 63 0 0 0 0 0 0 0 0 0 0 0 127 0 0 0 63 0 0 0 0 0 0 0 0 0 0 0 0 0 0 0 0 0 0 0 0 63 191 63 0 63 0
127 63 63 0 191 0 0 0 0 0 0 0 0 0 0 0 0 0 0 0 0 0 0 0 0 0 0 0 0 0 0 0 0 0 0 0 0 63 63 0 0 0 0 0 0 0 0 0 0 0 191 191 0 63 127 63 0 0 0 0 0 0 0 0 0 0 0 0 0 0 0 63 0 0 0 127 255 191 127 0 0 0 0 0 0 0 0 0 0 0 0 0 0 127 127 127 0 0 0 0 0 0 0 0 63 0 63 0 0 0 0 0 0 63 191 63 63 0 0 0 0 255 255 255 63 191 0 0 0 0 0 0 0 0 0 0 0 127 63 63 0 0 0 0 0 0 0 0 127 0 0 0 63 0 0 0 0 0 0 0 63 0 191 255 255 63 63 63 127 0 0 0 0 0 0 127 0 0 0 0 0 0 0 0 0 0 0 0 0 0 0 0 0 0 0 0 0 0 0 0 0 0 0 0 0 0 0 0 0 0 0 0 0 0 0 0 0 0 0 0 0 0 0 0 0 0 0 0 0 0 0 0 0 0 0 63 0 63 0 0 127 63 63 0 0 191 63 63 191 0 63 0 0 0 0 0 0 0 0 0 0 0 0 0 63 0 0 0 0 0 0 0 0 0 0 191 63 0 0 63 0 0 0 0 0 0 0 0 0 0 0 0 0 0 63 63 127 0 0 0
63 0 0 127 127 0 0 0 0 0 0 0 0 0 0 0 0 0 0 0 0 0 0 0 0 0 0 63 0 0 0 0 0 0 0 0 0 0 127 0 0 0 0 0 0 0 0 0 0 0 0 0 0 0 0 0 0 0 0 0 0 0 0 0 0 0 0 0 0 0 0 0 0 0 0 63 255 191 0 63 0 0 63 0 0 0 0 0 0 0 0 0 0 127 255 127 0 0 0 0 0 0 0 0 0 63 127 0 0 0 0 0 0 255 63 0 0 0 0 0 0 191 255 191 127 191 63 0 127 0 0 0 0 0 0 0 0 127 63 191 0 0 0 0 0 63 0 0 0 63 0 0 0 63 0 0 0 0 0 0 191 127 127 63 0 0 0 0 0 0 191 0 0 0 0 0 0 0 0 0 0 0 0 0 0 0 0 0 0 0 0 0 0 0 0 0 0 0 0 0 0 0 0 0 0 0 0 0 0 0 0 0 0 0 0 0 0 0 0 0 0 0 0 0 0 0 0 0 0 0 0 0 0 0 63 63 127 63 127 0 63 127 0 0 0 0 0 0 0 63 0 0 0 0 0 0 0 0 0 0 0 0 0 0 0 0 0 0 0 0 0 0 0 127 191 127 127 127 0 0 0 0 0 0 0 0 0 0 0 0 0 0 0 0 0 0 0 0 0 0
0 0 0 0 127 63 0 0 0 0 0 0 0 0 0 63 0 0 0 0 0 0 0 0 0 63 0 127 127 0 0 0 0 0 0 0 0 0 127 0 0 0 0 0 0 0 0 0 0 0 0 0 0 0 0 0 0 0 0 0 0 0 0 0 0 0 0 0 0 0 0 0 0 0 0 0 191 191 0 0 0 0 0 0 0 0 0 0 0 0 0 0 0 0 0 255 0 0 0 0 0 0 0 0 63 63 63 0 0 0 0 63 127 255 0 0 0 0 0 0 0 0 191 255 191 127 191 0 0 0 0 0 0 0 0 0 0 0 63 0 0 0 0 0 63 127 127 0 0 127 127 0 0 63 0 0 0 0 0 0 63 63 0 127 127 0 0 0 0 0 0 0 0 0 0 0 0 0 0 0 63 0 0 0 0 0 0 0 0 0 0 0 0 0 0 0 0 0 0 0 0 0 0 0 0 0 0 0 0 0 0 0 0 0 0 0 0 0 63 63 0 0 0 0 0 0 0 0 0 127 127 63 127 0 127 191 63 127 191 0 0 0 0 0 0 0 0 0 0 0 0 63 0 0 63 0 0 0 0 0 0 0 0 0 0 0 0 0 0 0 0 0 0 0 0 0 63 127 0 0 0 0 0 0 0 0 0 0 0 0 0 0 0 0 0 0 0 0 0 0
0 0 0 0 0 0 0 0 0 0 0 0 0 0 127 191 0 0 0 0 0 0 0 63 0 0 0 0 0 0 0 0 0 0 0 0 0 0 63 0 0 0 0 0 0 0 0 0 0 0 0 0 0 0 0 0 0 0 0 0 0 0 0 0 0 63 63 0 0 0 63 0 127 0 0 0 191 255 63 0 0 0 0 0 0 0 0 0 0 0 0 0 0 0 63 255 0 0 0 0 0 0 0 0 63 0 0 0 0 0 0 0 255 63 0 0 63 0 0 0 0 0 127 191 255 127 255 63 0 127 0 0 0 0 63 0 0 0 0 0 0 0 0 0 63 255 255 127 0 0 255 0 0 63 0 0 0 0 0 0 0 0 0 0 0 0 0 0 0 0 0 0 0 0 0 0 0 0 0 0 0 0 0 0 0 0 0 0 0 0 0 0 0 0 0 0 0 0 0 0 0 0 0 0 0 0 0 63 0 0 0 0 0 0 0 0 0 255 63 255 0 0 0 0 0 0 0 0 0 0 0 127 63 0 0 0 0 0 0 63 0 0 127 191 0 0 0 63 127 63 0 0 0 0 0 0 0 0 0 0 0 0 0 0 127 0 0 0 0 0 0 0 63 0 0 63 0 191 0 0 0 0 0 0 127 0 0 0 0 0 0 0 0 0 0 0 0 0 0 0
0 0 63 0 63 0 0 0 191 63 0 0 0 127 255 255 63 0 0 0 0 0 0 0 0 63 63 127 63 0 127 0 0 0 0 0 0 0 127 0 0 0 0 0 0 0 0 0 0 0 0 0 0 0 0 0 0 0 0 0 0 0 0 0 0 0 0 0 0 0 63 0 0 0 0 0 127 255 63 0 0 0 0 0 0 0 0 0 0 0 0 0 0 127 63 255 0 0 0 0 0 0 0 0 0 0 0 0 0 0 0 127 191 63 0 63 63 0 0 0 0 0 191 191 255 255 127 191 0 63 0 0 0 0 0 0 0 0 0 0 0 0 0 0 0 127 127 127 63 0 63 0 0 63 0 0 127 63 0 0 0 0 0 0 0 0 0 0 0 0 0 0 0 0 0 0 0 0 0 0 63 0 0 0 0 0 0 0 0 0 0 0 0 0 0 0 0 0 0 0 0 0 0 0 0 0 0 0 0 0 0 0 0 0 0 0 191 191 191 127 191 63 0 0 0 0 0 63 0 0 0 0 0 0 0 0 0 0 0 63 0 63 191 127 63 127 127 191 255 127 0 0 0 0 0 0 0 0 0 0 0 0 0 0 0 0 0 0 0 0 0 0 0 0 0 0 0 0 0 0 0 0 0 127 127 0 0 0 0 0 0 0 0 0 0 0 0 0 0 0
255 0 0 63 63 127 0 0 0 127 191 191 0 63 127 127 63 0 0 0 0 0 0 0 0 0 255 127 0 63 0 0 0 0 0 0 0 0 127 63 0 0 0 0 0 0 0 0 0 0 0 0 0 0 0 0 0 0 0 0 0 0 0 0 0 0 0 0 0 0 0 0 63 63 0 0 63 255 63 63 0 0 0 0 0 0 0 0 0 0 0 0 0 0 255 255 127 0 0 0 0 0 0 0 0 127 127 127 255 255 255 255 127 255 127 0 63 0 63 0 0 0 0 0 127 191 255 63 63 0 0 0 0 0 0 0 0 0 0 0 0 0 0 0 0 0 0 0 0 0 0 0 0 63 63 0 0 0 0 0 0 0 0 0 0 0 0 0 0 0 0 0 0 0 0 0 0 0 0 0 63 63 63 0 0 0 0 0 0 0 0 0 0 0 0 0 0 0 0 0 0 0 0 0 0 0 0 0 0 0 0 0 0 0 0 0 0 0 0 0 191 0 0 0 0 0 0 0 0 0 0 0 0 0 0 0 0 63 127 255 255 255 255 191 127 191 127 127 0 0 0 0 0 0 0 0 0 0 0 0 0 0 0 0 0 0 0 127 0 0 0 0 0 0 0 0 0 0 0 63 0 0 0 0 63 63 0 0 0 0 0 0 0 0 0 0 0 0 0 0
0 0 191 255 255 255 0 0 0 0 127 127 0 0 0 0 0 0 127 63 0 0 0 63 255 0 0 63 127 0 127 0 0 0 0 0 0 0 0 63 0 0 0 0 0 0 0 63 0 0 0 0 0 0 0 0 0 0 0 0 0 0 0 0 0 0 0 0 0 0 0 0 0 0 0 0 63 255 127 0 63 0 0 0 0 0 0 0 0 0 0 0 0 0 127 191 255 127 127 127 127 191 255 255 255 255 255 255 255 255 255 191 63 0 0 0 63 0 0 0 63 0 0 0 63 191 191 0 191 0 0 0 0 0 0 0 0 0 0 0 0 0 0 0 0 0 0 0 0 0 0 0 0 0 0 0 0 0 0 0 0 0 0 0 0 0 0 0 0 0 0 0 0 0 0 0 0 0 0 0 0 0 0 0 0 0 0 0 0 0 0 0 0 0 0 0 0 0 0 0 0 0 0 0 0 0 0 0 0 0 0 63 0 0 0 255 127 63 0 127 0 0 0 0 0 0 0 0 0 0 63 191 0 63 127 191 191 191 255 191 127 63 255 127 127 127 127 0 0 0 0 0 0 0 0 0 0 0 0 0 0 0 0 0 0 0 0 0 0 0 0 0 0 0 0 0 0 0 0 0 0 0 0 0 0 0 0 0 0 0 0 0 0 0 0 0 0 0 0 0
63 63 63 63 63 63 63 255 0 0 63 63 0 0 0 0 0 0 0 0 0 127 255 127 63 0 0 63 63 0 127 0 0 0 0 0 0 0 0 127 0 0 0 0 0 0 127 0 0 0 0 0 0 0 0 0 0 0 0 0 0 0 0 0 0 0 0 0 0 0 0 0 0 0 0 0 0 255 255 127 127 191 0 0 0 0 0 0 0 0 0 0 0 0 0 63 255 255 255 255 255 255 191 191 191 255 127 191 191 255 191 191 127 0 0 63 0 0 63 0 127 0 0 63 63 191 127 0 0 127 0 0 0 0 0 0 0 0 0 0 0 0 0 0 0 0 0 0 0 0 127 0 0 0 0 0 0 0 0 0 0 0 0 0 0 0 0 0 0 0 0 0 0 0 0 0 0 0 0 0 0 0 127 0 0 0 0 0 0 0 0 0 0 0 0 0 0 0 0 0 0 0 63 63 0 0 0 0 0 0 0 0 0 0 0 63 0 0 0 0 0 0 0 0 0 0 0 0 0 0 127 127 191 63 63 63 63 191 191 63 63 0 127 127 127 0 0 0 0 0 63 0 0 0 0 0 0 0 0 0 0 0 0 0 0 0 0 0 0 0 0 0 0 0 0 0 0 0 0 0 0 0 0 0 0 0 0 0 0 0 0 0 0 0 0 0 0 0 0 0
0 0 0 63 63 63 0 0 63 63 0 0 127 0 0 0 0 0 0 0 0 0 63 127 0 63 63 0 0 127 63 0 0 0 127 0 0 0 0 191 63 0 0 0 0 0 0 0 0 0 0 0 0 0 0 0 0 0 0 0 0 0 0 0 0 0 0 0 0 0 0 0 0 0 0 0 0 127 255 63 0 0 0 63 63 0 0 127 63 0 0 0 0 0 0 0 255 255 191 127 127 255 255 127 127 255 255 191 127 63 127 63 0 0 63 63 127 127 191 255 255 255 191 127 127 63 0 0 63 255 0 0 0 0 0 0 0 0 0 0 0 0 0 0 0 0 0 0 0 0 0 0 0 0 0 0 0 0 0 0 0 0 0 0 0 0 0 0 0 0 0 0 0 0 0 0 0 0 0 0 0 0 0 0 0 63 63 0 63 0 0 0 0 0 0 0 0 0 0 0 63 63 0 0 0 0 0 0 0 0 0 0 0 0 0 0 0 0 0 0 0 0 0 0 0 0 0 0 0 127 63 0 191 0 0 0 127 63 127 63 0 0 127 127 63 0 63 127 127 127 127 0 0 0 0 0 0 63 0 0 0 0 0 0 0 0 0 0 0 0 0 0 0 0 0 0 0 0 0 0 0 0 0 0 0 0 0 0 0 0 0 0 0 0 0 0 0 0 0 0
0 0 0 127 255 191 191 63 0 0 0 0 127 63 191 0 0 191 63 0 0 0 127 63 63 63 0 63 63 127 63 0 0 0 0 0 0 0 0 127 0 0 0 0 0 0 0 0 0 0 0 0 0 0 0 0 0 0 0 0 0 0 0 0 0 0 0 0 0 0 0 0 0 0 0 0 0 127 255 63 127 191 127 63 0 0 0 0 127 127 0 0 0 0 0 127 255 255 191 255 127 255 191 0 0 63 0 0 0 0 127 127 127 191 255 255 127 127 191 127 0 0 0 0 0 0 0 0 0 0 0 0 0 0 0 0 0 0 0 0 0 0 0 0 0 0 0 0 0 0 0 0 0 0 0 0 0 0 0 0 0 0 0 0 127 0 0 127 191 127 0 0 0 0 0 0 0 0 0 0 0 0 0 0 0 63 0 0 0 0 0 0 0 0 0 0 0 0 0 0 0 0 0 0 0 0 0 0 0 0 0 0 0 0 0 0 0 0 0 0 0 0 0 0 0 0 0 63 127 255 255 0 63 0 0 63 191 63 191 0 0 0 127 127 0 0 0 0 63 127 127 63 0 0 0 0 0 0 0 0 127 0 0 0 0 0 0 0 0 0 0 0 0 0 0 0 0 0 0 0 0 0 0 0 0 0 0 0 0 0 0 0 63 63 0 0 0 0 0 0
0 0 127 127 191 127 191 0 63 0 0 0 0 63 127 0 127 255 63 0 0 0 0 0 0 63 63 0 63 0 63 63 0 0 0 0 0 0 0 127 127 0 0 0 0 0 0 0 0 0 0 0 0 0 0 0 0 0 0 0 0 0 0 0 0 0 0 0 0 0 0 0 0 0 0 0 0 63 255 63 63 255 127 0 0 0 0 0 63 63 0 127 0 0 0 0 127 63 63 0 0 0 63 127 127 127 127 255 255 255 127 127 63 0 0 0 0 0 63 0 0 0 0 0 0 0 0 0 0 0 0 0 0 0 0 0 0 0 0 0 0 0 0 0 0 0 0 0 0 0 0 0 0 0 0 0 0 0 0 0 0 0 0 127 63 63 127 63 63 63 0 63 0 0 0 0 0 0 0 0 0 0 0 0 0 0 0 0 0 0 0 0 0 0 0 0 0 0 0 0 0 0 0 0 0 0 0 0 0 0 0 0 0 0 63 0 0 0 0 0 0 0 0 0 0 0 0 63 191 0 63 127 127 127 0 0 63 63 63 63 0 0 0 63 0 0 63 63 191 191 255 127 0 0 0 0 0 0 0 0 0 0 0 0 0 0 0 0 63 0 0 0 0 0 0 0 0 0 0 0 0 0 0 0 0 0 0 0 0 0 0 0 0 0 0 0 0 0 0 0
0 127 0 0 0 0 127 255 255 127 127 0 127 191 63 0 127 255 0 127 255 191 255 63 0 0 0 0 0 0 0 63 0 0 0 0 127 0 0 0 127 0 0 0 0 0 0 0 0 0 0 0 0 0 0 0 0 0 0 0 0 0 0 0 0 0 0 0 0 0 0 0 0 0 0 0 0 0 191 0 0 0 63 0 0 0 0 191 63 0 0 127 63 0 127 63 127 127 255 255 255 255 63 191 127 127 63 0 0 0 0 0 0 0 0 0 0 0 0 0 0 0 0 0 0 0 0 0 0 0 0 0 0 0 0 0 0 0 0 0 0 0 0 0 0 63 0 0 0 0 0 0 0 0 0 0 0 0 0 0 0 0 0 0 63 0 0 127 0 0 0 0 0 0 0 0 0 0 0 0 0 0 0 0 0 0 0 0 0 0 0 0 0 0 0 0 0 0 0 0 0 0 0 0 0 0 0 0 0 0 0 0 0 63 0 0 63 0 0 0 0 0 0 0 0 0 0 0 0 0 0 0 127 63 63 0 0 191 0 63 127 255 191 255 127 255 255 255 255 127 127 63 0 0 0 0 0 0 0 0 0 0 0 0 0 0 0 0 0 63 0 0 0 0 0 0 0 0 0 0 0 0 0 0 0 0 63 0 0 0 0 0 0 0 0 0 0 0 0 0
0 0 0 0 0 0 127 191 255 191 255 191 255 63 0 127 191 63 255 255 255 255 127 63 0 0 127 0 0 0 0 63 63 0 0 63 63 0 0 0 63 0 0 0 0 0 0 0 0 0 0 0 0 0 0 0 0 0 0 0 0 0 0 0 0 0 0 0 0 0 0 0 0 0 0 0 0 0 127 0 0 0 0 0 0 0 0 0 0 0 0 0 191 191 255 191 255 127 127 0 0 0 0 0 0 63 0 0 0 0 0 0 0 0 0 0 0 0 0 0 0 0 0 0 0 0 0 0 63 63 0 0 0 0 0 0 0 0 0 0 0 0 0 0 0 63 0 127 127 63 0 0 0 0 0 0 0 0 0 0 0 0 63 63 0 0 0 0 0 0 0 0 0 0 0 0 0 0 0 0 0 0 0 0 0 191 127 0 0 127 0 63 0 0 0 0 0 0 0 0 0 0 0 0 0 0 0 0 0 0 0 0 0 0 0 63 127 63 0 0 0 0 0 0 0 0 0 0 0 0 0 0 191 255 191 127 191 191 191 255 255 255 255 255 255 255 191 255 191 0 0 0 63 0 63 63 0 63 0 0 0 0 0 0 0 0 191 0 0 0 0 0 0 0 0 0 0 0 0 0 0 0 0 0 0 63 63 0 0 0 0 0 0 0 0 0 0 0 0 0
0 0 63 0 0 127 127 0 127 191 255 255 255 191 191 255 255 63 255 127 63 63 255 63 0 0 0 0 63 0 0 0 0 0 0 63 63 0 0 0 0 0 0 0 0 0 0 0 0 0 0 0 0 0 0 0 0 0 0 0 0 0 0 0 0 0 0 0 0 0 0 0 0 0 0 0 0 0 0 0 0 0 0 0 0 0 0 0 0 0 0 0 63 63 0 0 0 0 0 0 0 0 0 0 0 63 0 0 0 0 0 0 0 0 0 0 0 0 0 0 0 0 0 0 0 0 0 0 0 63 0 0 0 0 0 0 0 0 0 0 0 0 127 127 127 63 0 127 63 0 0 0 0 0 0 0 0 0 0 127 0 127 63 0 0 0 0 0 0 0 0 0 0 0 0 0 0 0 0 0 0 0 0 63 127 0 127 0 63 0 0 63 0 0 0 0 63 0 0 0 0 0 0 0 0 0 0 0 0 0 0 0 0 0 0 0 63 0 0 0 0 0 0 0 0 0 0 0 0 0 0 255 255 255 255 255 255 255 255 255 255 191 127 191 191 255 127 127 191 0 0 0 127 0 255 255 191 0 0 0 0 0 0 0 0 0 0 0 0 0 0 0 0 0 0 0 0 0 0 0 0 63 0 63 0 0 0 0 0 0 0 0 0 0 0 0 0 0 0 0
0 0 0 0 0 63 63 255 127 127 0 127 127 255 255 255 191 191 255 0 127 0 0 255 255 0 0 0 0 0 0 0 0 0 0 0 0 0 0 0 0 0 0 0 0 0 0 0 0 0 0 0 0 0 0 0 0 0 0 0 0 0 0 0 0 0 0 0 0 0 0 0 0 0 0 0 0 0 0 0 0 0 0 0 0 0 0 0 0 0 0 0 0 0 0 0 0 0 0 0 0 0 0 0 0 0 0 0 0 0 0 0 0 0 0 0 0 0 0 0 0 0 0 0 0 0 0 0 0 0 0 0 0 0 0 0 0 0 0 0 0 127 191 127 63 63 63 127 0 0 0 0 0 0 0 0 63 63 0 0 63 63 0 0 0 0 0 0 0 0 0 0 0 0 0 0 0 0 0 0 127 0 0 127 63 0 0 63 0 63 63 0 0 0 0 0 0 0 0 0 0 0 0 0 0 0 0 0 0 0 0 0 0 0 0 0 0 0 0 0 0 0 63 0 0 0 0 0 0 0 0 0 0 63 191 191 127 127 127 255 127 0 191 127 63 63 0 63 0 0 63 0 127 0 0 127 0 0 0 0 0 63 0 0 0 0 0 0 0 0 0 0 0 0 0 0 0 0 0 0 0 0 0 0 0 0 0 0 0 0 0 0 0 0 0 0 0 0 0 0
0 0 0 0 0 0 0 0 127 191 0 0 127 191 255 255 63 255 191 0 63 0 0 191 127 127 0 0 0 0 0 0 63 0 0 0 0 0 0 0 0 0 0 0 0 0 0 0 63 0 0 0 0 0 0 0 0 0 0 0 0 0 0 0 0 0 0 0 0 0 0 0 0 0 0 0 0 0 0 0 0 0 0 0 0 0 0 0 0 0 0 0 0 0 0 0 0 0 0 63 0 0 0 0 0 0 0 0 0 0 0 0 0 0 0 0 0 0 0 0 0 0 0 0 0 0 0 0 0 0 0 0 0 0 0 0 0 0 0 0 0 0 127 63 63 63 0 0 63 0 0 0 0 0 63 63 0 127 0 0 0 0 0 0 0 0 0 0 0 0 0 0 0 0 127 63 0 0 0 0 0 0 0 0 63 63 0 0 0 63 0 0 0 0 63 63 0 0 0 0 63 127 0 0 0 0 0 0 0 0 0 0 0 0 0 0 0 0 0 0 127 127 63 63 0 0 0 0 0 0 0 0 0 0 0 0 255 127 127 0 0 63 63 63 63 191 127 63 63 0 0 0 0 0 0 0 0 0 0 0 0 127 0 0 0 0 0 63 0 0 0 0 0 0 0 0 0 0 0 0 0 0 0 0 0 0 0 0 0 0 0 0 0 0 0 0 0 0 0 0
0 0 0 0 0 0 0 0 0 0 0 0 191 127 127 127 127 127 0 0 127 0 0 63 191 255 191 127 63 0 127 0 0 0 0 0 127 255 63 0 0 0 0 0 0 0 0 0 0 0 0 0 0 0 0 0 0 0 0 0 0 0 0 0 0 0 0 0 0 0 0 0 0 0 0 0 0 0 0 63 191 191 127 0 0 0 0 0 0 0 0 0 0 0 0 0 0 0 0 0 0 0 0 0 0 0 0 0 0 0 0 0 0 0 0 0 0 0 0 0 0 0 0 0 0 127 127 0 127 0 0 0 0 127 0 0 63 0 0 0 0 0 63 63 191 63 0 0 0 0 63 0 191 127 0 63 0 0 0 0 0 0 0 0 0 0 0 0 0 63 191 191 0 0 0 0 0 0 0 0 0 0 0 0 0 0 0 0 0 63 0 0 0 0 0 0 0 0 0 63 0 0 255 191 0 63 0 0 0 0 0 0 0 0 0 0 0 0 0 0 63 127 63 0 0 0 0 0 0 0 0 0 0 0 0 0 127 0 0 63 127 63 0 0 0 0 0 0 0 0 0 0 0 255 255 0 0 0 0 63 0 0 0 0 0 0 0 63 0 0 0 0 0 0 0 0 0 0 0 0 0 0 0 0 0 63 0 0 0 0 0 0 0 0 0 0 0 0 0 0
0 0 0 0 0 0 0 0 0 0 0 0 0 0 191 63 127 0 0 0 0 0 0 63 0 191 191 127 127 191 255 0 0 0 0 0 0 63 127 0 63 63 0 0 0 0 0 0 0 0 0 0 0 0 0 0 0 0 0 0 0 0 0 0 0 0 0 0 0 0 0 0 0 0 0 0 0 0 0 63 191 127 63 0 0 0 0 0 0 0 127 63 0 0 0 0 0 0 0 0 0 0 0 0 0 0 0 0 0 0 0 0 0 0 0 0 0 0 0 0 0 191 63 255 127 191 255 127 191 63 63 63 0 63 0 127 63 0 0 0 0 0 0 0 0 0 0 0 0 0 0 127 63 127 0 63 0 0 0 0 0 0 0 0 0 0 0 0 0 0 0 127 0 0 0 0 0 0 0 0 0 0 0 0 0 0 0 0 0 0 63 0 0 0 0 0 0 0 0 63 0 0 63 63 127 127 127 63 0 0 0 0 0 0 0 0 0 0 0 127 0 0 63 0 0 0 0 0 255 255 0 0 63 127 127 0 0 0 0 0 0 0 0 0 0 0 0 0 0 0 0 0 0 0 0 63 63 0 63 0 0 0 0 0 0 0 0 0 0 0 0 0 0 0 63 0 0 0 0 0 0 0 0 0 0 0 0 0 0 0 0 0 0 0 0 0 0 0 0 0
0 0 0 0 0 0 0 0 0 0 0 0 0 0 0 0 0 0 0 0 0 0 0 0 0 0 191 255 191 127 191 63 0 0 0 0 0 0 127 0 0 0 0 0 0 0 0 0 0 0 0 0 0 0 0 0 0 0 0 0 0 0 0 0 0 0 0 0 0 0 0 0 0 0 0 0 0 0 0 0 0 0 0 0 0 63 0 0 0 191 127 0 0 0 0 0 0 0 0 0 0 0 0 0 0 0 0 0 0 0 0 0 0 0 0 0 0 0 0 127 191 191 0 63 127 0 127 63 0 127 63 0 0 0 0 0 63 0 0 0 0 0 0 0 0 0 0 0 0 0 0 127 0 0 0 0 0 63 0 0 0 0 0 0 0 0 0 0 0 0 0 0 0 0 0 0 0 0 0 0 0 0 0 0 0 0 0 0 0 127 0 0 127 63 127 0 63 63 0 0 0 0 0 0 63 191 255 0 0 0 0 0 0 0 0 0 0 0 0 0 191 0 0 0 0 0 0 0 0 0 0 0 0 0 0 0 0 0 0 0 0 0 0 0 0 0 0 0 0 0 0 0 0 0 0 0 0 0 0 0 0 0 0 0 0 0 0 0 0 0 0 0 0 0 0 0 0 0 0 0 0 0 63 63 0 0 0 0 0 0 0 0 0 0 0 0 0 0 0 0
0 0 0 0 0 0 0 0 63 0 0 0 0 0 0 0 0 0 0 0 0 0 0 0 0 63 63 191 255 127 191 127 63 63 0 0 0 0 63 63 0 0 0 0 0 0 0 0 0 0 0 0 0 0 0 0 0 0 0 0 0 0 0 0 0 0 0 0 0 0 0 0 0 0 0 0 0 0 0 0 0 0 0 127 0 0 0 0 0 0 63 0 0 0 0 0 0 0 0 0 0 0 0 0 0 0 0 0 0 0 0 0 0 0 0 0 127 0 0 191 127 127 191 63 191 63 0 0 0 0 0 0 0 0 0 0 0 0 0 0 0 0 0 0 0 0 0 0 0 127 127 127 63 0 0 0 63 127 0 127 0 0 0 0 0 0 0 0 0 0 0 0 0 0 127 0 0 0 0 0 0 0 0 0 0 0 0 0 0 63 63 127 0 0 127 0 0 63 0 0 0 0 0 0 63 63 63 0 0 0 0 0 0 0 0 0 0 0 0 191 0 0 0 0 127 0 0 0 0 0 0 0 0 0 0 0 0 0 0 0 0 0 0 0 0 0 0 0 0 191 191 0 0 0 0 0 0 0 0 0 0 0 0 0 0 0 0 0 0 0 0 0 0 0 0 0 0 0 0 0 0 63 127 255 191 127 63 0 0 0 0 0 0 0 127 0 0 0 0 0
127 0 0 0 0 0 0 0 0 0 0 0 0 0 0 0 0 0 0 0 0 0 0 0 0 0 0 127 63 127 191 255 0 0 0 0 0 0 0 0 0 0 0 0 0 0 0 0 0 0 0 0 0 0 0 0 0 0 0 0 0 0 0 0 0 0 0 0 0 0 0 0 0 0 0 0 0 0 0 0 0 0 0 63 0 0 0 0 0 0 0 0 0 0 0 0 0 0 0 0 0 0 0 0 63 0 0 0 0 0 0 127 0 0 0 0 255 63 0 0 63 63 63 127 0 0 0 0 0 0 0 0 0 0 63 0 0 63 0 0 0 0 0 0 0 0 0 0 0 127 191 0 0 0 0 0 0 63 191 127 0 0 0 0 0 0 0 0 0 0 0 63 63 0 0 0 0 0 0 0 0 0 0 0 0 0 0 0 0 0 0 0 0 63 0 0 0 63 0 0 0 0 0 0 0 0 0 0 0 0 0 0 0 0 0 0 0 0 0 63 0 0 0 0 0 0 0 0 0 0 0 0 0 0 0 0 0 0 0 0 0 0 0 0 0 0 0 0 0 0 0 0 0 0 0 0 0 0 0 0 0 0 0 0 0 0 0 0 0 63 0 0 0 0 0 0 0 0 0 127 63 63 127 127 255 63 127 0 0 0 0 0 0 0 0 0 0 0 63 0
0 0 0 0 0 0 0 0 63 0 0 0 0 0 63 0 0 0 0 0 0 0 0 0 0 0 0 0 63 63 0 127 63 0 0 0 0 0 0 0 0 0 0 0 0 0 0 0 0 0 0 0 0 0 0 0 0 0 0 0 0 0 0 0 0 0 0 0 0 0 0 0 0 0 0 0 0 0 0 0 0 0 0 0 0 0 0 0 0 0 0 0 0 0 0 0 0 0 127 63 0 0 0 63 191 0 0 0 0 0 0 0 0 0 0 0 0 0 0 0 0 0 63 63 0 0 0 0 0 0 0 0 0 0 0 0 127 127 63 0 0 0 0 0 0 0 0 127 63 0 0 0 0 0 0 0 63 127 0 0 0 0 0 0 0 0 0 0 255 0 0 0 0 0 0 0 0 0 0 0 0 0 0 0 0 0 0 0 0 0 0 0 0 0 0 0 0 0 0 0 0 0 0 0 0 0 0 0 0 0 0 0 0 0 0 0 0 0 0 0 0 0 0 0 127 0 0 0 0 127 127 63 127 63 0 0 0 0 0 0 0 0 0 0 0 0 255 63 0 0 0 0 0 0 0 0 0 0 0 0 0 0 0 0 0 0 0 0 0 0 0 0 0 0 0 0 0 0 0 0 63 0 63 63 0 0 0 0 0 0 0 0 0 0 0 0 0 0 0 0
0 0 0 0 0 0 0 0 0 0 0 0 0 0 63 0 0 0 0 0 0 0 0 0 0 0 0 0 0 0 127 127 0 0 0 0 0 0 0 63 0 0 0 0 0 0 0 0 0 0 0 0 0 0 0 0 0 0 0 0 0 0 0 0 0 0 0 0 0 0 0 0 0 0 0 0 0 0 0 0 0 0 0 0 0 0 0 0 0 0 0 0 0 0 0 0 0 0 0 63 63 0 0 63 63 0 0 0 0 0 127 63 127 0 0 0 0 0 0 0 0 0 0 0 0 0 0 0 0 0 0 0 0 0 0 0 0 0 63 0 0 0 0 0 0 0 0 0 63 0 0 0 63 0 63 63 127 0 0 0 0 0 0 0 0 0 0 63 0 0 0 0 0 0 0 0 0 0 0 0 0 0 0 0 0 0 0 0 0 0 0 0 0 0 0 0 0 0 0 0 0 0 0 0 0 0 0 0 0 0 0 0 0 0 0 0 63 0 0 0 0 0 0 0 63 0 0 0 127 191 127 191 63 0 0 0 0 0 0 63 63 0 0 0 0 0 0 0 0 0 0 0 0 0 0 0 0 0 0 0 0 0 0 0 0 0 0 0 0 0 0 0 0 0 0 0 0 0 255 0 0 63 0 127 0 0 0 0 0 0 0 0 0 0 0 0 0 0 0 0
0 0 0 0 0 0 0 0 0 0 0 0 0 0 0 0 0 0 0 0 0 0 0 0 0 0 0 0 0 0 0 0 0 127 0 0 0 0 0 0 0 0 0 0 0 0 0 0 0 0 0 0 0 0 0 0 0 0 0 0 0 0 0 0 0 0 0 0 0 0 0 0 0 0 0 0 0 0 0 0 0 0 0 0 0 0 0 0 0 0 0 0 0 0 0 0 0 0 0 0 0 0 0 0 0 0 0 0 0 0 0 0 0 0 0 0 0 0 0 0 0 0 0 0 0 0 0 0 0 0 0 0 0 0 0 0 0 0 63 0 0 0 0 0 0 0 0 0 0 0 0 0 0 0 0 191 63 0 0 0 0 0 0 0 0 63 0 0 0 0 0 0 0 0 0 0 0 0 0 0 0 0 0 0 0 0 0 0 0 0 0 0 0 0 0 0 0 0 0 0 0 0 0 0 0 0 0 63 0 0 0 0 0 0 0 0 0 0 0 0 0 0 0 0 0 0 0 0 0 191 63 127 0 0 0 0 0 0 0 0 0 0 0 0 0 0 0 0 0 0 0 0 0 0 0 0 0 0 0 0 0 0 0 0 63 63 0 0 0 0 0 0 0 0 0 0 0 0 0 0 63 0 0 0 0 0 0 63 0 0 0 0 0 0 0 0 0 0 0 0
0 0 0 0 0 0 0 0 0 0 0 0 0 0 0 0 0 0 0 0 0 0 0 0 0 0 0 0 0 0 0 0 127 63 0 0 0 0 0 0 0 0 0 0 0 0 0 0 0 0 0 0 0 0 0 0 0 0 0 0 0 0 0 0 0 0 0 0 0 0 0 0 0 0 0 0 0 0 0 0 0 0 0 0 0 0 0 0 0 0 0 0 0 0 0 0 0 0 0 0 0 0 0 0 0 0 0 0 0 0 0 0 0 0 0 0 0 63 0 0 0 0 0 0 63 63 63 0 0 0 0 0 0 0 0 0 0 0 127 127 0 0 0 0 0 0 0 0 0 0 0 0 0 0 0 0 0 0 0 0 63 0 0 0 0 63 0 0 0 0 0 0 0 0 0 0 0 0 0 0 0 0 0 0 0 0 0 0 0 0 0 0 0 0 0 0 0 0 0 0 0 0 0 0 0 0 0 127 63 0 0 0 0 0 0 63 0 0 0 0 0 0 0 0 0 0 0 0 0 0 0 0 0 63 0 0 0 0 0 0 0 0 0 0 0 0 0 0 0 0 0 0 0 0 0 0 0 0 0 0 0 0 0 0 0 0 0 0 0 0 0 0 0 0 0 0 0 0 0 0 0 0 0 0 0 0 63 0 0 127 0 0 0 0 0 0 0 0 0 0
0 0 0 0 0 0 0 0 0 0 0 0 0 0 0 127 0 0 0 0 0 0 0 0 0 0 0 0 0 0 0 0 0 0 0 0 0 0 0 0 0 0 0 0 0 0 0 0 0 0 0 0 0 0 0 0 0 0 0 0 0 63 127 0 63 63 0 0 0 0 0 0 0 0 0 0 0 0 0 191 63 127 0 0 0 0 0 0 0 0 0 0 0 0 0 0 0 0 0 0 0 0 0 0 0 0 0 0 127 127 127 63 0 0 0 0 0 0 0 0 0 0 0 63 0 0 0 0 0 63 0 0 0 0 0 0 0 0 63 127 0 0 0 0 0 0 0 0 0 0 0 0 0 0 0 0 63 0 0 127 191 0 63 0 0 0 0 0 0 0 0 0 0 0 0 0 0 0 0 0 0 0 0 0 0 0 0 0 0 0 0 0 0 0 127 0 0 0 127 0 0 0 0 0 0 0 0 0 0 0 0 0 0 0 0 0 0 0 0 0 0 0 0 0 0 0 0 0 0 0 0 0 0 0 0 0 0 0 0 0 0 0 0 0 0 0 0 0 0 0 0 0 0 0 0 0 0 0 0 0 0 0 0 0 0 0 0 0 0 0 0 0 0 63 0 0 0 0 0 0 0 0 0 0 0 0 0 0 0 63 0 0 0 0 0 0 0 0 0 0
63 0 0 0 0 63 63 0 0 0 0 0 0 0 0 0 0 0 0 0 0 0 0 0 0 0 0 0 0 0 0 0 0 0 0 0 0 0 0 0 0 0 0 0 0 0 0 0 0 0 0 0 0 0 0 0 0 0 0 0 0 0 63 0 63 127 0 0 0 0 0 0 63 127 63 63 0 191 191 191 191 0 0 0 0 0 0 0 0 0 0 0 63 0 0 0 0 0 0 0 63 0 0 0 0 0 0 0 0 127 255 127 0 0 255 63 63 255 0 0 0 0 0 0 0 191 0 0 0 0 63 127 0 0 0 0 0 0 0 0 0 0 0 0 0 0 0 0 63 63 0 0 0 0 0 0 127 0 0 63 0 0 63 63 0 0 0 0 0 0 0 0 0 0 0 0 0 0 0 0 0 0 63 0 0 0 0 0 127 0 0 0 63 0 0 0 63 127 191 127 0 0 0 0 0 0 0 0 0 0 0 0 0 0 0 0 0 0 0 0 0 0 0 0 0 0 0 0 0 0 0 0 0 0 0 63 191 127 63 0 0 0 0 0 0 0 0 0 0 0 0 0 0 0 0 0 0 0 0 0 0 0 0 0 0 0 0 0 0 0 0 0 0 63 0 0 0 0 0 0 0 0 0 0 0 127 0 0 63 0 0 0 0 0 0 0 0 0 63 0
127 0 127 0 0 0 0 0 0 127 0 0 191 0 0 0 0 0 0 0 0 0 0 0 0 0 0 0 0 0 0 0 0 0 0 0 0 0 0 0 0 0 0 0 0 0 0 0 0 0 0 0 0 0 0 0 0 0 0 0 63 127 127 0 63 0 127 0 0 0 0 0 0 63 63 63 0 0 63 0 191 0 0 0 0 0 0 0 0 0 0 0 127 127 63 0 0 0 0 0 0 0 0 0 0 0 0 0 0 0 63 63 0 63 63 63 0 0 0 0 0 0 0 0 0 63 0 0 0 0 0 63 0 0 0 0 0 0 0 0 0 0 0 0 0 0 0 0 127 63 191 127 0 0 0 0 0 0 0 0 0 0 0 0 0 0 0 0 0 0 0 0 0 0 0 0 0 0 0 0 0 0 0 0 0 0 0 0 0 0 0 0 0 0 0 63 63 63 63 127 0 0 0 0 0 0 0 0 0 0 0 0 0 0 0 0 127 127 255 0 0 0 0 0 0 0 0 0 0 0 0 0 0 0 0 0 0 0 0 0 0 0 0 0 0 0 0 0 0 0 0 0 0 0 0 0 0 0 0 0 0 0 0 0 0 0 0 0 0 0 0 0 0 0 0 0 0 0 0 0 0 0 0 0 0 0 0 0 127 0 0 0 0 0 0 0 63 191 127 127
191 0 0 0 0 0 0 0 0 0 0 127 0 0 0 0 0 0 0 0 0 0 0 0 0 0 0 0 0 0 0 0 0 0 0 0 0 0 0 0 0 0 0 0 0 0 0 0 0 0 0 0 0 0 0 0 0 0 0 0 0 0 0 0 0 0 127 63 0 0 0 0 0 0 0 0 0 0 0 0 0 0 0 0 0 0 0 0 0 0 0 0 0 63 63 0 63 0 0 63 127 63 0 0 0 0 0 0 127 0 0 0 0 0 0 0 0 0 0 0 0 0 0 0 0 0 0 0 0 0 0 0 0 0 0 0 63 63 63 0 0 0 0 0 0 0 0 0 0 0 63 0 0 0 0 0 0 0 0 0 0 0 0 0 0 0 0 0 0 0 0 0 0 0 63 0 0 0 0 0 0 0 0 0 0 0 0 0 0 0 63 0 0 0 0 0 63 0 0 127 63 0 0 0 0 63 63 0 0 0 0 0 0 0 0 63 191 63 191 127 63 0 0 0 0 0 0 0 0 0 0 0 0 0 0 0 0 0 0 0 0 0 0 0 0 0 0 0 0 0 0 0 0 0 0 0 0 0 0 0 0 0 0 0 0 0 0 0 0 0 0 0 0 0 0 0 0 0 0 0 0 0 0 0 0 0 63 0 0 0 0 0 0 0 0 0 63 0 0 0
191 0 0 0 0 0 0 0 0 0 0 0 0 63 0 0 63 0 0 0 0 0 0 0 0 0 0 0 0 0 0 0 0 0 0 0 0 0 0 0 0 0 0 0 0 0 0 0 0 0 0 0 0 0 0 127 0 0 0 0 0 0 0 0 0 0 0 63 0 0 0 0 0 0 0 0 0 0 0 0 0 0 0 0 0 0 0 0 63 63 0 0 0 0 0 0 0 0 0 0 0 63 0 0 0 191 0 63 191 0 0 0 0 0 0 0 0 0 0 0 0 0 0 0 63 63 0 0 63 0 0 0 0 0 0 0 0 0 0 0 0 0 0 0 0 0 0 0 0 0 63 63 0 0 0 0 0 0 0 0 0 0 0 0 0 0 0 0 0 0 0 0 0 0 0 0 0 0 0 0 0 0 0 0 0 0 0 0 63 0 0 0 63 0 0 0 0 0 0 0 0 63 0 0 0 0 63 0 0 0 0 0 0 0 0 0 63 63 191 127 255 63 0 0 0 0 0 0 0 0 0 0 0 0 0 0 0 0 0 0 0 0 0 0 0 0 0 0 0 0 0 0 0 0 0 0 0 0 0 0 0 0 0 0 0 0 0 0 0 0 0 0 0 0 0 0 0 0 0 0 0 0 0 0 0 0 0 0 0 0 127 0 0 0 0 0 0 0 255 63
127 0 0 0 0 0 0 0 0 0 0 0 0 0 0 0 0 0 0 0 0 0 0 0 0 0 0 0 0 0 0 0 0 0 0 0 0 0 0 0 0 0 0 63 0 0 0 0 0 63 63 0 0 0 0 0 63 63 63 0 0 0 0 0 0 0 0 0 0 0 0 0 0 0 0 0 0 0 0 0 0 0 0 0 0 0 0 0 63 63 0 0 0 0 63 0 0 0 0 0 0 63 0 0 0 0 0 191 255 0 0 0 0 0 0 0 0 127 0 0 0 0 0 0 0 0 0 0 0 0 0 0 0 0 0 0 0 0 0 0 0 0 0 0 0 0 0 0 0 0 0 0 0 0 0 0 0 0 0 0 0 0 0 0 0 0 0 0 0 0 0 0 0 0 0 0 0 0 0 0 0 0 0 0 0 0 0 0 0 0 0 0 63 0 63 0 0 0 0 0 127 63 0 0 0 0 0 0 0 0 0 0 0 0 0 63 127 191 63 0 0 0 0 0 0 0 0 0 0 0 0 0 0 0 0 0 0 0 0 0 0 0 0 0 0 0 0 0 0 0 0 0 0 0 0 0 0 0 0 0 0 0 0 0 0 0 0 0 0 0 0 0 0 0 0 0 0 0 0 0 0 0 0 0 63 0 0 0 0 0 0 0 0 0 0 0 0 0 63 0
0 0 0 0 0 0 0 0 0 0 0 0 0 0 0 0 0 0 0 0 0 0 0 0 0 0 0 0 0 0 0 0 0 0 0 0 0 0 63 63 127 0 0 63 63 0 0 0 0 0 0 0 0 0 0 0 0 0 0 0 0 0 0 0 0 0 0 0 0 0 0 0 0 63 127 127 255 127 0 0 0 0 0 0 0 0 0 0 191 63 0 0 0 0 0 0 0 0 0 63 127 0 127 63 127 63 0 63 0 0 0 0 0 0 0 0 63 127 127 0 0 0 63 0 0 0 0 0 0 0 0 0 0 0 0 0 0 0 0 0 0 0 0 0 0 0 0 0 0 0 0 0 0 0 0 0 0 0 0 0 0 0 0 0 0 0 0 0 0 0 0 127 127 0 255 191 0 0 0 0 0 0 0 0 0 0 0 0 0 63 0 191 63 63 0 0 0 0 0 0 0 0 0 63 0 0 0 0 0 0 0 0 0 0 0 63 127 127 0 63 0 0 0 0 0 0 0 0 0 0 0 0 0 0 0 0 0 0 0 0 0 0 0 0 0 0 0 0 0 0 0 0 0 0 0 0 0 0 0 0 0 0 0 0 0 0 0 0 0 0 0 0 0 0 0 0 63 0 0 0 0 0 0 63 63 0 0 0 0 0 0 0 0 0 0 0 0 0 0 127
0 0 0 0 0 0 0 0 0 127 0 0 0 0 0 0 0 0 0 0 0 0 0 0 0 0 0 0 0 0 0 0 0 0 0 127 0 0 0 0 0 0 0 0 0 0 0 0 0 0 0 63 0 0 0 0 0 0 0 0 0 0 0 0 0 0 0 0 0 0 0 0 63 63 127 255 255 127 0 0 0 0 0 0 0 0 0 0 0 0 0 0 0 0 0 0 0 0 0 63 0 191 127 127 63 0 0 0 0 0 0 0 0 0 0 191 191 0 63 0 0 0 0 0 0 0 0 0 0 0 0 0 0 0 0 0 0 0 0 0 0 0 0 0 63 127 0 0 0 0 0 0 0 0 0 0 0 0 0 0 0 0 0 0 0 0 0 0 0 63 63 63 0 63 0 0 63 0 0 0 0 0 0 0 0 0 0 0 0 127 191 127 191 127 63 0 0 0 0 0 0 0 0 0 0 63 0 63 0 0 0 0 0 0 0 0 0 127 0 63 0 0 0 0 0 0 0 0 0 0 0 0 0 0 0 0 0 0 0 0 0 0 0 0 0 0 0 0 0 0 0 0 0 0 0 0 0 0 0 0 0 0 0 0 0 0 0 0 0 0 0 0 0 0 0 0 0 0 0 0 127 127 127 0 255 0 0 0 0 0 0 0 0 0 0 0 0 127 63 0
0 0 0 0 0 0 0 0 63 0 0 127 0 0 0 0 0 0 0 0 0 0 0 0 0 0 0 0 0 0 0 0 0 0 0 127 0 0 0 0 0 0 0 0 0 0 0 0 0 0 0 0 0 0 63 0 0 0 0 0 0 0 0 0 0 0 0 63 127 191 255 255 255 255 255 127 191 255 0 0 0 0 0 0 0 0 0 0 0 63 0 0 0 0 0 0 0 0 0 0 0 0 0 0 0 0 0 0 0 0 0 0 0 0 63 0 0 0 0 0 0 0 0 0 0 0 0 0 63 0 0 0 127 191 0 0 0 0 0 0 0 0 0 0 0 0 0 0 0 63 0 0 0 0 0 0 0 0 0 0 0 0 0 0 0 0 0 0 0 63 191 191 0 0 0 0 63 0 0 0 0 0 0 0 0 0 0 0 127 0 63 0 0 0 0 0 0 0 0 0 63 0 0 0 0 63 0 0 0 0 0 0 0 0 0 0 0 191 0 0 0 0 0 0 0 0 0 0 0 0 0 0 0 63 0 0 0 0 0 0 0 0 0 0 0 0 0 0 0 0 0 0 0 0 0 0 0 0 0 0 0 0 0 0 0 0 0 0 0 0 0 0 0 0 0 0 0 0 0 0 0 127 191 0 0 0 0 0 0 0 0 0 0 0 0 0 0 0 0 0
0 0 0 0 0 0 0 0 0 0 0 0 0 0 0 0 63 0 0 0 0 0 0 0 0 0 0 0 0 0 0 0 0 0 0 127 63 0 191 0 0 0 0 0 0 0 0 0 0 0 0 0 0 63 63 63 255 0 0 0 63 127 63 191 255 255 255 255 63 255 63 255 255 127 63 63 63 127 63 0 0 0 0 0 0 0 0 0 0 0 0 0 0 0 0 0 0 0 0 0 0 0 0 63 0 0 0 0 0 0 0 0 0 0 0 0 0 0 0 0 0 0 0 0 63 0 0 63 63 63 127 63 0 0 0 0 0 0 0 0 0 0 0 0 0 0 0 63 127 63 0 0 0 0 0 0 0 0 0 0 63 0 0 0 0 0 0 63 0 0 0 0 0 0 0 0 0 63 0 0 0 0 0 0 0 0 0 0 0 0 0 0 0 127 0 0 0 0 191 191 127 0 0 0 127 0 0 0 0 0 0 0 0 0 0 0 0 0 0 0 0 0 63 0 0 0 0 0 0 0 0 0 63 0 63 0 0 0 0 0 0 0 0 0 0 0 0 0 0 0 0 0 0 0 0 0 0 0 0 0 0 0 0 0 0 0 0 0 0 0 0 0 0 0 0 0 0 0 0 0 0 0 0 0 0 0 0 0 0 0 0 0 0 0 0 0 0 0 0 0
63 63 127 127 0 0 127 0 0 0 0 0 0 0 0 0 0 0 0 0 0 0 0 0 0 0 0 0 191 63 0 0 0 0 0 0 255 127 0 0 0 0 0 0 63 127 127 63 0 63 0 0 0 127 255 255 255 191 127 255 255 127 191 191 255 255 255 255 127 255 63 127 63 0 0 0 191 0 127 0 0 0 0 0 0 0 0 0 0 0 0 0 0 0 0 0 0 0 0 0 0 0 127 63 63 0 0 0 0 0 0 0 0 0 0 0 0 0 0 0 0 0 0 0 63 63 0 0 127 63 0 191 255 63 0 0 0 0 0 0 0 0 0 0 0 0 0 0 63 0 0 0 0 0 0 0 0 0 63 191 63 127 127 0 191 127 127 0 63 0 0 0 0 0 0 0 0 0 0 0 0 0 0 0 0 0 0 0 0 0 0 0 0 0 0 0 0 0 127 191 63 0 0 0 0 0 0 0 0 0 0 0 0 0 0 0 0 0 0 0 0 191 63 0 0 0 0 0 0 0 0 0 127 127 63 0 0 0 0 0 0 63 0 0 0 0 0 0 0 0 0 0 0 0 0 0 0 0 0 0 0 0 0 0 0 0 0 0 0 0 0 0 0 0 0 0 0 0 0 0 0 0 0 0 0 0 0 0 0 0 0 0 0 0 0 0 0 0 0 0
127 191 0 63 127 0 63 0 0 0 0 0 0 0 0 0 0 0 63 0 63 63 127 63 63 127 191 63 63 255 63 0 0 0 0 0 0 0 0 0 0 0 127 127 127 127 0 127 0 0 0 0 0 191 255 191 255 255 191 255 255 255 255 191 191 191 127 0 0 0 0 0 0 0 0 127 255 255 255 0 0 0 0 0 63 63 0 0 0 0 0 0 0 0 0 0 0 0 0 0 0 63 63 0 0 0 0 0 0 0 0 127 0 0 0 0 0 0 0 0 0 0 0 63 0 0 0 0 0 0 0 0 127 0 0 127 63 0 0 0 0 0 0 0 0 0 0 0 0 0 0 0 0 0 63 127 191 127 0 0 0 63 63 0 0 63 0 127 63 127 0 191 63 0 0 0 0 0 0 0 63 0 0 0 0 0 0 0 0 0 0 0 0 0 0 63 63 0 0 63 0 0 0 0 0 0 0 0 0 0 0 0 0 0 0 0 0 0 0 0 63 255 63 0 0 0 0 0 0 0 0 0 0 0 0 0 0 0 0 0 0 0 0 0 0 0 0 0 0 0 0 0 0 0 0 0 0 0 0 0 0 0 0 0 0 0 0 0 0 0 0 0 0 0 0 0 0 0 0 0 0 0 0 0 0 0 0 0 0 0 0 63 0 0 0 0 0 0 0 0
255 191 63 63 127 127 0 0 0 0 0 0 0 0 127 63 0 63 127 127 255 127 191 191 127 127 191 127 127 127 255 0 0 0 0 0 0 0 0 0 0 0 0 0 0 0 0 63 0 0 0 0 0 191 127 127 191 255 255 255 255 255 255 127 191 191 127 0 0 0 0 0 0 0 0 127 255 255 127 0 0 0 0 0 0 0 0 0 0 0 0 0 0 0 0 0 63 0 0 0 127 127 0 0 0 0 0 0 0 0 0 0 0 0 0 0 0 0 0 0 0 0 0 0 0 0 0 0 0 0 0 0 63 127 0 0 0 0 0 0 0 0 0 0 0 0 0 0 0 0 0 0 0 0 0 0 0 63 191 63 63 127 127 127 127 255 255 191 191 127 127 255 191 127 0 0 0 0 0 0 0 0 0 0 0 0 0 0 0 0 0 0 0 0 0 127 127 0 0 0 0 0 0 0 0 0 0 0 0 0 0 0 0 0 0 0 0 0 0 0 0 0 0 0 0 0 0 0 0 0 0 63 63 0 63 0 0 0 0 0 0 0 0 0 0 0 0 0 0 0 0 0 0 0 0 0 0 0 0 0 0 0 0 0 0 0 0 0 0 0 0 0 0 0 0 0 0 0 0 0 0 0 0 0 0 0 0 0 0 0 0 0 0 0 0 0 0 0 0 0
127 127 127 63 63 0 0 0 0 0 0 0 0 0 0 127 127 127 191 191 191 255 255 255 255 255 255 255 255 255 191 127 0 0 0 0 0 0 0 0 0 0 63 0 0 0 0 0 0 0 0 0 0 0 0 63 127 255 127 255 255 255 255 255 63 255 127 0 0 0 0 0 0 0 0 0 255 255 63 0 0 0 0 0 0 0 0 0 0 0 0 0 0 0 0 0 0 63 63 0 0 0 0 0 0 0 0 0 0 0 0 0 0 0 0 0 0 0 0 0 0 0 0 0 0 0 0 0 0 0 0 0 0 63 191 63 63 63 0 0 0 0 0 0 0 0 0 0 63 0 0 0 0 0 127 63 63 191 191 255 191 255 127 63 255 255 127 127 127 63 191 255 191 191 0 0 0 63 0 0 0 0 0 0 0 0 0 0 0 0 0 0 0 0 0 63 127 0 0 0 0 0 0 0 0 0 0 0 0 0 0 0 0 0 0 0 0 0 0 0 0 0 0 0 0 0 0 0 0 0 0 0 0 0 0 0 0 0 0 0 0 0 0 0 0 0 127 0 0 0 0 0 0 0 0 0 0 0 0 0 0 0 0 0 0 0 0 0 0 0 0 0 0 0 0 0 0 0 0 0 0 0 0 0 0 0 0 0 0 0 0 0 0 0 0 0 0 0 0 0
63 127 127 127 127 0 0 0 0 0 0 0 0 63 255 127 127 255 255 255 255 255 255 255 255 255 191 127 191 63 63 127 0 0 0 0 0 0 0 0 0 0 0 0 0 0 0 0 0 0 0 0 0 0 0 191 255 127 63 63 127 191 191 255 0 127 255 0 0 0 0 0 0 0 0 127 127 255 127 0 0 0 0 0 0 0 0 0 0 0 0 0 0 0 0 0 0 0 63 0 0 0 0 0 0 0 0 0 0 0 0 0 0 0 0 0 0 0 0 0 0 0 0 0 0 0 0 0 0 0 0 63 127 127 63 63 0 0 0 0 0 0 0 0 0 0 0 0 0 0 0 0 127 127 127 127 191 127 191 255 255 255 255 127 127 0 63 191 127 127 191 255 255 255 63 0 0 63 0 0 0 0 0 0 0 0 0 0 0 0 0 0 0 0 0 0 0 0 0 0 0 0 0 0 0 0 0 0 0 0 0 0 0 0 0 0 0 0 0 0 0 0 0 0 0 0 0 0 0 0 0 0 0 0 0 0 0 0 0 0 0 0 0 0 0 0 0 0 0 0 0 0 0 0 0 0 0 0 0 0 0 0 0 0 0 0 0 0 0 0 0 0 0 0 0 0 0 0 0 0 0 0 0 0 0 0 0 0 0 0 0 0 0 0 0 0 0 0 0 0
63 63 191 63 0 0 0 191 191 0 0 0 63 191 255 191 127 191 191 63 255 127 127 255 191 63 255 255 191 0 63 127 0 0 0 0 0 0 0 0 0 0 0 0 0 0 0 0 0 0 0 0 0 0 63 0 255 191 63 127 127 255 127 255 191 255 191 0 0 0 0 0 0 0 0 63 191 255 127 127 0 0 0 0 0 0 0 0 0 0 0 0 0 0 0 0 0 0 0 0 0 0 0 0 0 0 0 0 0 63 0 0 0 0 0 0 0 0 0 0 0 0 0 0 0 0 0 0 0 0 191 255 63 63 0 0 0 0 0 0 0 0 0 0 0 0 0 0 0 63 127 127 191 255 255 255 255 127 191 63 63 127 63 63 63 0 0 0 0 127 255 255 255 255 0 0 0 63 0 0 0 0 0 0 0 0 0 0 0 0 0 0 0 0 0 0 0 0 0 0 0 0 0 0 0 0 0 0 0 0 0 0 0 0 0 0 0 0 0 0 0 0 0 0 0 0 0 0 0 0 0 0 0 0 0 0 0 0 0 63 127 63 0 0 0 0 0 0 0 0 0 0 0 0 0 0 0 0 0 0 0 0 0 0 0 0 0 0 0 0 0 0 0 0 0 0 0 0 0 0 0 0 0 0 0 0 0 0 0 0 0 0 0 0 0 0 0 0 0 0
63 0 127 63 0 0 0 63 0 0 0 0 0 0 63 63 0 63 127 127 127 255 255 255 255 191 191 0 127 255 0 255 0 0 0 0 0 0 0 0 0 0 63 0 0 0 0 0 0 0 0 0 0 0 63 0 255 127 0 127 127 255 255 255 191 127 255 127 0 0 0 0 0 0 0 0 255 255 255 191 255 0 0 0 0 0 0 127 0 0 0 0 0 0 0 0 0 0 0 0 0 0 0 0 0 0 0 0 63 0 0 0 0 0 0 0 0 0 0 0 0 0 0 0 0 0 0 0 0 0 127 63 0 0 0 0 0 0 0 0 0 0 0 0 0 0 0 0 0 0 127 63 191 255 191 63 0 63 0 0 0 0 0 0 0 63 0 63 0 63 255 255 255 255 127 0 0 0 63 0 0 0 0 0 0 0 0 0 0 0 0 0 0 0 0 0 0 0 0 0 0 0 0 0 0 0 0 0 0 0 0 0 0 0 0 63 0 0 0 0 0 0 0 127 0 0 0 0 127 0 0 0 0 0 0 0 0 0 0 0 0 0 0 0 0 0 0 0 0 0 0 0 0 0 0 0 0 0 0 0 0 0 0 0 0 0 0 0 0 0 0 0 0 0 0 0 0 0 0 0 0 0 0 0 0 0 0 0 0 0 0 0 0 0 0 0 0 0 0 0
63 191 255 191 63 63 0 0 0 0 0 0 0 63 0 63 0 63 127 127 0 127 0 191 63 63 191 63 191 255 63 255 0 0 0 0 0 0 0 0 0 0 63 0 0 0 0 0 0 63 63 0 0 0 0 63 191 191 0 127 63 255 255 191 255 127 255 191 63 0 0 0 0 255 0 255 127 191 255 255 255 0 0 0 0 0 0 0 0 0 0 0 0 0 0 0 0 0 0 0 0 0 0 0 0 0 0 127 63 0 0 0 0 0 0 0 0 0 0 0 0 0 0 0 0 0 0 0 0 0 0 0 0 0 0 0 0 63 0 0 63 0 0 0 0 0 0 0 0 127 0 0 127 127 127 0 0 63 0 63 0 0 0 0 0 0 0 0 0 0 0 255 255 255 127 0 0 127 0 63 0 0 0 0 0 0 0 0 0 0 0 0 0 0 0 0 0 0 0 0 0 0 0 0 0 0 0 0 0 0 0 0 0 0 0 0 0 0 0 0 0 0 0 63 0 0 0 0 63 0 63 0 0 0 0 0 0 0 0 0 63 0 0 0 0 0 0 0 0 0 0 0 0 0 0 0 0 0 0 0 0 0 0 0 0 0 0 0 0 0 0 0 0 0 0 0 0 0 0 0 0 0 0 0 0 0 0 0 0 0 0 0 0 0 0 0 0 0 0 0
0 0 63 127 0 63 63 0 0 0 0 0 0 0 0 127 0 0 0 0 0 0 0 127 191 63 255 0 63 127 63 255 0 0 0 0 0 0 0 0 0 63 191 63 0 0 0 0 63 0 0 0 0 0 0 127 127 255 0 0 0 255 191 255 255 255 255 255 191 191 0 0 0 127 255 63 63 127 255 255 255 255 0 0 0 0 0 0 0 0 0 0 0 0 0 0 0 0 0 0 0 0 0 0 0 127 63 127 0 0 0 127 0 0 0 0 0 0 0 0 0 0 0 0 0 0 0 0 0 0 0 0 0 0 0 0 0 0 0 0 63 0 0 0 0 0 0 0 0 0 63 191 0 127 127 63 0 0 0 0 0 0 0 0 0 0 0 0 0 0 0 0 255 191 127 0 0 127 0 0 0 0 0 0 0 0 0 0 0 0 0 0 0 0 0 0 0 0 0 0 0 0 0 0 0 0 0 0 0 0 0 63 0 0 0 0 0 0 0 0 0 0 0 0 0 0 63 63 0 0 0 0 127 63 0 0 0 0 0 0 0 127 63 0 0 0 0 0 0 0 0 0 0 0 0 0 0 0 0 0 0 0 0 0 0 0 0 0 0 0 0 0 0 0 0 0 0 0 0 0 0 0 0 0 0 0 0 0 0 0 0 0 0 0 0 0 0 0 0 0
63 0 0 127 63 63 63 0 0 0 0 0 0 0 0 0 0 0 63 127 0 0 0 63 127 0 127 0 0 255 127 127 127 0 0 0 0 127 0 0 0 0 63 0 63 0 0 0 0 0 0 0 0 0 0 127 127 255 0 127 0 127 127 255 255 255 255 255 255 255 191 127 191 191 127 0 191 191 255 255 255 191 63 63 0 0 0 0 0 127 0 0 0 0 0 0 0 0 0 0 0 0 0 0 127 127 0 127 63 0 0 0 0 0 0 0 0 0 0 0 0 0 0 0 0 0 0 0 0 0 0 0 0 0 0 0 0 0 0 0 0 0 0 0 0 0 0 0 0 127 0 0 0 0 63 0 0 0 0 0 0 0 0 0 0 0 0 0 0 0 0 0 191 255 127 0 0 0 0 0 63 0 0 0 63 0 0 0 0 0 0 0 0 0 0 63 0 0 0 0 0 0 0 0 0 0 0 0 0 0 0 0 0 0 0 0 0 0 0 0 0 0 0 0 0 0 63 255 127 0 0 63 0 63 63 0 0 0 0 63 0 0 0 0 0 0 63 255 63 0 0 0 0 0 0 0 0 0 0 0 0 0 0 0 0 0 0 0 0 0 0 0 0 0 0 0 0 0 0 0 0 0 0 0 0 0 0 0 0 0 0 0 0 0 0 0 0 0 0 0
0 255 255 255 191 63 127 0 0 0 0 0 0 0 0 0 63 0 0 0 0 0 127 0 191 127 191 255 127 191 0 255 127 0 0 0 0 63 0 0 0 0 0 0 0 0 0 0 0 0 0 0 0 0 0 63 127 255 127 191 63 191 255 255 255 255 191 255 255 255 255 255 191 191 255 63 63 127 255 255 255 127 0 0 127 127 0 0 0 0 0 0 0 0 0 0 0 0 0 0 0 0 0 0 191 255 63 0 0 0 0 0 0 0 0 0 0 0 0 0 0 0 0 0 0 0 0 0 0 0 0 0 0 0 0 0 63 0 0 0 0 0 0 0 0 0 0 0 0 0 0 0 0 0 63 63 0 0 0 0 0 0 0 0 63 191 63 63 127 127 255 255 255 63 127 0 63 63 191 127 127 127 0 0 0 0 0 63 0 0 0 0 0 0 63 0 0 0 0 0 0 0 0 0 0 0 0 0 0 0 0 0 0 0 0 0 0 0 0 0 0 0 0 0 0 0 0 0 127 0 0 0 127 127 0 0 0 0 0 0 0 0 0 0 0 63 63 191 63 63 0 0 0 0 0 0 0 0 0 0 0 0 0 0 0 0 0 0 0 0 0 0 0 0 0 0 0 0 0 0 0 0 0 0 0 0 0 0 0 0 0 0 0 0 0 0 0 0 0 0
127 63 63 0 0 191 63 0 0 0 0 0 0 0 0 0 0 0 63 0 0 0 127 0 127 127 191 63 255 255 127 191 191 0 0 0 0 0 0 0 0 0 0 0 0 0 0 0 0 0 0 0 0 0 0 63 63 255 127 127 63 63 255 127 191 255 191 0 191 191 255 255 127 0 191 127 63 0 255 255 255 255 127 191 0 0 0 0 0 0 0 0 0 0 0 0 0 0 0 0 0 0 0 0 0 0 0 0 0 0 0 0 0 0 0 0 0 0 0 0 0 0 0 0 0 0 0 0 0 0 0 0 0 0 0 0 0 0 0 0 0 0 0 0 0 127 127 127 0 0 0 0 63 127 255 191 0 0 0 0 0 127 127 191 255 255 191 255 127 63 127 0 0 0 63 0 0 63 127 127 255 127 191 255 127 63 0 0 0 0 0 0 63 127 255 191 0 0 0 0 0 0 0 0 0 0 0 0 0 0 0 0 0 0 0 0 0 0 0 0 0 0 0 0 0 0 0 0 0 0 127 191 0 0 127 0 0 0 0 0 0 0 0 0 0 0 0 0 0 63 0 0 0 0 0 0 0 0 0 0 0 0 0 0 0 0 0 0 0 0 0 0 0 0 0 0 0 0 0 0 0 0 0 0 0 0 0 0 0 0 0 0 0 0 0 0 0 0 0 0
0 0 63 0 0 0 63 0 0 0 127 0 0 0 0 63 191 127 0 127 127 0 63 0 127 255 127 63 63 191 127 191 255 0 0 0 0 0 0 0 0 0 0 0 0 0 0 0 0 0 0 0 0 255 191 191 191 127 127 63 255 255 63 63 255 255 255 127 63 0 191 255 191 127 255 0 0 255 191 191 255 255 127 0 0 0 0 0 0 63 63 0 0 0 0 0 0 0 0 0 0 0 0 0 0 0 0 0 0 0 0 0 0 0 0 0 0 0 0 0 0 0 0 0 0 0 0 0 0 0 0 0 0 0 0 0 0 0 0 0 0 0 0 0 0 63 127 0 0 0 0 63 0 0 127 191 127 255 255 255 255 255 255 191 255 63 127 127 0 0 0 0 0 0 0 0 0 0 0 63 0 127 191 255 255 191 0 0 0 0 0 0 63 127 63 0 0 0 0 0 0 0 0 0 63 0 0 0 0 0 0 0 0 0 0 0 0 0 0 0 0 0 0 0 0 0 0 0 0 0 0 63 0 0 0 0 63 0 0 0 0 0 0 0 0 0 0 0 0 0 0 0 0 0 0 0 0 0 0 0 0 0 0 0 0 0 0 0 0 0 0 0 0 0 0 0 0 0 0 0 0 0 0 0 0 0 0 0 0 0 0 0 0 0 0 0 0 0 0 0
0 127 191 0 0 0 0 0 0 0 127 127 0 0 0 0 0 127 0 63 63 0 0 0 127 63 127 127 0 191 191 255 255 127 0 63 0 0 0 0 0 0 0 0 0 0 0 0 0 0 0 0 191 63 0 63 0 0 0 0 191 255 63 63 127 191 127 0 0 0 0 63 255 255 255 127 0 63 0 0 191 255 191 63 0 0 0 0 0 63 127 0 0 0 0 0 0 0 0 0 0 0 63 63 0 0 0 0 0 0 0 0 0 0 0 0 0 0 0 0 0 0 0 0 0 0 0 0 0 0 0 0 0 63 0 0 0 0 0 0 0 0 0 0 0 0 0 0 0 0 0 0 0 0 191 191 63 63 0 63 127 63 0 0 191 127 63 255 0 0 0 0 0 0 0 0 0 0 0 0 0 0 127 63 63 63 191 127 127 127 0 0 0 0 0 0 0 0 0 0 0 0 0 0 0 0 0 63 0 0 0 0 0 0 0 0 0 0 0 0 0 0 0 0 0 0 0 0 0 0 0 0 0 0 0 0 63 0 0 0 0 0 0 0 0 0 0 0 0 0 0 0 0 0 0 0 0 0 0 0 0 0 0 0 0 0 0 0 0 0 0 0 0 0 0 0 0 0 0 0 0 63 0 0 0 0 0 0 0 0 0 0 0 0 0 0 0 0 0 0
127 63 0 0 0 0 0 0 0 0 0 0 0 0 0 0 0 0 127 0 0 0 0 0 0 63 127 63 63 191 191 127 255 255 0 0 0 0 0 0 0 0 0 0 0 0 0 0 0 0 0 0 63 63 0 0 0 0 63 63 127 127 63 0 0 127 0 0 0 0 0 0 0 63 255 63 0 0 0 0 127 127 191 127 0 63 63 0 0 0 63 0 0 0 0 0 0 0 0 0 0 0 0 0 0 0 0 0 0 0 0 0 0 0 0 0 0 0 0 0 0 0 0 0 0 0 0 0 0 0 0 0 0 63 0 0 0 0 0 0 0 0 0 0 127 127 0 0 0 0 0 0 0 0 0 0 0 0 0 0 191 0 63 0 127 127 255 255 127 63 127 0 0 0 0 0 0 0 0 0 0 0 0 63 0 127 255 191 127 255 255 127 0 0 0 0 0 0 0 0 0 0 0 0 0 0 0 0 0 0 0 0 0 0 0 0 0 0 0 0 0 0 0 0 0 0 0 0 0 0 0 0 0 0 0 0 0 0 0 0 0 0 0 0 0 0 0 0 0 0 0 0 0 0 0 0 0 0 0 0 0 0 0 0 0 0 0 0 0 0 0 0 0 0 0 0 0 0 0 0 0 0 0 0 0 0 0 0 0 0 0 0 0 0 0 0 0 0 0 0
0 0 0 0 0 0 0 0 0 0 0 0 0 0 0 0 63 127 0 63 127 63 0 0 63 63 191 63 127 127 127 191 191 191 0 0 0 0 0 0 0 0 0 0 0 0 0 0 0 0 0 63 63 0 0 0 0 0 0 63 127 0 0 0 0 191 0 0 0 0 0 0 0 0 127 127 127 191 191 127 127 0 0 0 0 0 0 0 0 0 0 0 0 0 0 0 0 0 0 63 0 0 0 0 0 0 0 63 0 0 0 0 0 0 0 0 0 0 0 0 0 0 0 0 0 0 0 63 63 0 0 0 0 0 0 63 127 191 127 0 0 0 0 0 0 0 0 0 0 0 0 0 0 0 0 0 0 0 0 0 255 0 63 0 127 127 63 127 127 127 63 0 0 0 0 0 0 0 0 0 0 0 0 0 63 127 127 63 127 63 255 127 0 0 0 0 0 0 0 0 0 0 0 0 0 0 63 0 0 0 0 0 0 0 0 0 0 0 0 0 0 0 0 0 0 0 0 0 0 0 0 0 0 0 0 0 0 0 0 0 0 0 0 0 63 0 0 63 0 63 63 0 0 0 0 0 0 0 0 0 0 0 0 0 0 0 0 0 0 0 0 0 0 0 0 0 0 0 0 0 0 0 0 0 0 0 0 0 0 0 0 0 0 0 63 0 0 0 0 0
63 0 0 0 63 0 0 0 0 0 63 0 0 0 0 0 63 127 0 255 0 0 0 0 0 127 127 0 0 127 63 127 191 255 0 0 0 0 0 0 0 0 0 0 0 0 0 0 0 0 127 127 0 0 0 0 127 0 63 127 191 127 63 0 0 127 0 0 0 0 0 0 0 0 0 0 0 0 0 0 0 0 63 63 0 0 0 0 0 0 63 63 0 0 0 0 0 63 63 191 63 0 0 0 0 0 0 63 0 0 0 127 191 0 0 0 0 0 0 0 0 0 0 0 0 0 0 63 0 0 0 0 0 0 63 0 0 63 63 0 0 0 0 0 0 0 0 0 0 0 0 0 0 0 0 0 0 0 127 0 127 0 0 0 63 0 127 0 63 127 191 0 0 0 0 0 0 0 0 0 0 0 0 63 0 0 0 191 191 0 0 63 0 0 0 0 0 0 0 0 0 0 0 0 0 0 0 0 0 0 0 0 0 0 0 0 0 0 0 0 0 0 0 0 0 0 0 0 0 0 0 0 0 0 0 0 0 0 0 0 0 0 0 0 0 0 0 63 63 127 0 0 0 0 0 0 0 0 0 0 0 0 0 0 0 0 0 0 0 0 0 0 0 0 0 0 0 0 0 0 0 0 0 0 0 0 0 0 0 0 0 0 0 0 0 0 0 0 0 0
63 63 0 0 63 0 0 0 0 0 0 0 0 0 0 0 63 0 0 0 0 0 0 0 0 63 127 63 127 0 127 255 255 255 63 0 0 0 0 0 0 0 0 0 63 0 0 0 0 0 0 0 0 191 127 127 0 127 127 63 0 63 0 0 0 0 0 0 0 0 0 0 0 0 0 0 0 0 0 63 0 0 0 63 0 0 0 0 0 0 0 0 0 0 0 0 0 0 0 0 0 0 0 0 0 0 0 0 0 0 0 127 63 255 0 0 0 0 0 0 0 0 0 0 0 0 0 0 0 63 0 63 0 63 63 127 63 0 0 0 0 0 0 0 0 0 0 0 191 191 0 0 0 0 0 0 0 0 127 127 0 0 0 63 191 255 255 127 127 191 0 0 0 0 0 0 0 0 0 0 0 0 0 0 0 0 0 0 0 0 0 0 0 0 0 0 0 0 0 0 0 63 0 0 0 0 0 0 0 0 0 0 0 0 0 0 0 0 0 0 0 0 0 0 0 0 0 0 0 0 0 0 0 0 0 0 0 0 0 0 0 0 0 0 0 0 0 0 127 127 0 0 0 0 0 0 0 0 0 0 0 0 0 0 0 0 0 0 0 0 0 0 0 0 0 0 0 0 0 0 0 0 0 0 0 0 0 0 0 0 0 0 0 0 0 0 0 0 0 0
127 0 0 0 63 0 0 63 0 0 0 0 0 0 0 0 63 127 0 0 63 0 0 0 0 127 0 255 191 191 127 255 255 63 63 0 0 0 0 0 63 0 0 0 0 191 63 0 0 0 0 0 0 0 0 0 0 0 63 63 0 0 0 0 0 0 0 0 0 0 0 0 0 0 0 0 0 0 0 127 255 0 0 0 0 0 0 0 0 0 0 0 0 0 0 0 0 0 127 191 0 0 0 0 0 0 0 0 0 0 63 0 63 0 0 0 0 0 0 0 0 0 0 0 0 0 0 0 0 63 0 127 127 0 0 63 0 0 0 0 0 0 0 0 0 0 0 0 127 0 0 0 0 0 0 0 0 0 63 63 0 63 0 0 127 127 63 0 63 255 63 63 0 0 0 0 0 0 0 0 0 0 0 0 0 0 0 0 0 0 0 0 0 0 0 0 0 0 0 191 0 0 0 0 0 0 0 0 0 0 0 0 0 0 0 0 0 0 0 0 0 0 0 0 0 0 0 0 0 0 0 0 0 0 0 0 0 0 0 0 0 0 0 0 0 0 0 0 63 0 127 0 0 0 0 0 0 0 0 0 0 0 0 0 0 0 0 0 0 0 0 0 0 0 0 0 0 0 0 0 0 0 63 0 0 0 0 0 0 0 0 0 0 0 0 63 0 0 0 0
0 0 0 0 127 255 63 0 0 0 127 0 0 0 0 0 0 127 0 0 0 0 0 0 0 0 127 127 127 63 63 255 0 255 127 0 0 0 0 0 127 0 0 0 0 191 127 0 0 0 0 0 0 0 0 0 0 63 127 255 0 0 0 63 0 0 0 0 0 0 0 0 0 0 0 0 0 0 0 127 255 127 0 0 0 0 0 0 0 0 0 0 0 0 0 0 0 63 63 0 0 63 63 0 0 0 0 0 0 0 0 0 0 0 0 0 0 0 0 0 0 0 0 0 0 0 0 0 0 0 0 127 63 0 63 0 0 0 0 0 0 0 0 0 0 0 0 63 127 191 127 127 0 0 0 0 0 0 0 127 0 63 0 0 63 0 127 191 255 255 255 127 0 0 127 0 0 0 0 0 0 0 0 0 0 0 0 0 0 0 0 0 0 0 0 0 0 0 0 0 0 0 0 0 0 0 0 0 0 0 0 0 0 0 0 0 0 0 0 0 0 0 0 0 0 0 0 0 0 0 0 0 0 0 0 0 0 0 0 0 0 0 0 0 0 0 0 0 0 0 0 0 0 0 0 0 0 0 0 0 0 0 0 0 0 0 0 0 0 0 0 0 0 0 0 0 0 0 0 0 0 0 63 0 0 0 0 0 63 0 0 0 0 0 0 0 0 0 0 0
0 0 0 63 191 255 63 63 63 0 0 0 0 0 0 0 0 0 0 0 0 0 0 0 0 0 191 127 127 191 255 127 127 127 127 0 0 0 0 0 0 0 0 0 0 0 255 0 0 0 0 0 0 0 63 127 0 63 0 255 127 0 63 127 63 0 0 0 0 0 0 0 0 0 0 0 0 0 127 63 255 127 0 0 0 0 0 0 0 0 0 0 0 0 0 0 0 0 0 0 0 0 0 0 0 63 63 0 0 0 0 0 0 0 0 0 0 0 127 0 0 0 0 0 0 0 0 0 63 127 63 0 0 0 0 0 0 0 0 0 0 0 0 0 0 0 0 0 63 63 63 0 0 0 0 0 0 0 0 127 63 0 0 63 0 191 255 255 255 255 255 255 0 0 63 127 0 0 0 0 0 0 0 0 0 0 0 0 0 0 0 0 0 0 0 0 0 0 0 0 0 0 0 0 0 0 0 0 0 0 0 0 0 0 0 0 0 0 0 0 0 0 0 0 0 0 0 0 0 0 0 0 0 0 0 0 0 0 0 0 0 0 0 0 0 0 0 0 0 0 0 0 0 0 0 0 0 0 0 0 0 0 0 0 0 0 0 0 0 0 0 0 0 0 0 0 0 0 0 0 0 0 0 0 0 0 0 0 0 0 0 0 63 63 127 63 0 0 0 0
0 0 63 127 0 0 63 0 0 0 0 0 0 0 0 0 0 0 0 0 0 0 0 0 63 127 127 127 127 191 63 127 191 191 127 0 0 0 0 0 0 63 0 0 0 0 127 0 0 0 0 0 0 0 0 0 0 63 63 255 127 0 0 191 127 0 0 0 0 0 0 0 0 0 0 0 0 0 63 63 255 255 0 0 0 0 0 0 0 0 127 0 0 63 0 0 0 0 0 0 255 191 0 127 191 191 63 0 0 0 0 0 0 0 0 0 0 63 0 63 0 0 63 0 0 0 0 0 0 0 0 0 0 0 0 0 0 0 0 0 0 0 0 0 0 0 63 0 0 0 0 0 0 0 0 0 0 0 0 0 63 63 127 127 191 255 255 255 255 255 255 255 191 127 127 191 63 191 63 0 0 0 0 0 0 0 0 0 0 0 0 0 0 0 0 0 0 0 0 0 0 0 0 0 0 0 0 0 0 0 0 0 0 0 0 0 0 0 0 0 0 0 0 0 0 0 0 0 0 0 0 0 0 0 0 0 0 0 0 0 0 0 0 0 0 0 0 0 0 0 0 0 0 0 0 0 0 0 0 0 0 0 0 0 0 0 0 0 0 0 0 0 0 0 0 0 0 0 0 0 0 0 0 0 0 63 127 0 255 0 0 0 191 255 0 63 0 0 0 0
0 0 0 0 0 0 0 0 0 0 0 0 0 0 0 0 0 0 0 0 0 0 0 63 0 127 0 0 0 0 127 191 127 0 255 0 0 0 0 0 0 0 0 0 63 0 255 127 0 0 0 0 0 0 0 0 0 0 127 127 191 0 0 63 191 63 0 0 0 0 0 0 0 0 0 0 0 0 63 63 255 255 127 0 0 0 0 0 0 0 0 0 0 63 0 0 0 0 0 0 0 63 0 63 127 191 191 127 127 0 0 0 0 0 0 0 0 0 0 0 0 0 191 63 0 127 0 0 0 0 0 0 0 0 0 0 0 0 0 0 0 0 0 0 0 0 0 0 0 0 0 0 0 0 0 0 0 0 0 0 63 127 63 255 255 255 255 255 255 255 255 255 255 191 63 0 63 63 63 0 0 0 0 0 0 0 0 0 0 0 0 0 0 0 0 0 0 0 0 0 0 0 0 0 0 0 0 0 0 0 0 0 191 127 0 0 0 0 0 0 0 0 0 0 0 0 0 0 0 0 0 0 0 0 0 0 0 0 0 0 0 0 0 0 0 0 0 0 0 0 0 0 0 0 0 0 127 127 0 0 0 0 0 0 0 0 0 0 0 0 0 0 0 0 0 0 0 0 0 0 0 0 0 0 0 0 191 63 63 127 0 0 0 0 127 0 0 0 0 0
0 0 0 0 0 0 0 0 0 0 0 0 0 0 0 0 0 0 63 0 0 0 0 0 0 0 0 0 0 63 127 191 191 255 255 0 0 0 0 0 0 0 0 0 0 0 63 0 0 0 0 0 0 0 0 0 0 0 127 127 255 0 0 0 0 191 0 0 0 191 127 0 0 0 0 0 0 0 255 191 191 255 255 0 0 0 0 0 0 0 0 0 63 0 63 0 0 0 0 0 0 0 0 0 63 63 127 63 255 0 0 0 0 0 0 0 0 0 0 127 127 0 0 0 0 0 127 0 0 0 0 0 0 0 0 0 0 0 0 0 0 0 0 0 0 0 0 0 0 0 0 0 0 0 0 0 0 0 63 63 127 0 191 255 255 255 255 255 255 255 255 255 255 127 0 0 191 255 63 0 0 0 0 0 0 0 0 0 0 0 0 0 0 0 0 0 127 0 0 0 0 0 0 0 0 0 0 0 0 0 0 0 0 0 0 0 0 0 0 0 0 0 0 0 0 0 0 0 0 0 0 0 0 0 0 0 0 0 0 0 0 0 0 0 0 0 0 0 0 0 0 63 0 0 0 0 0 0 0 0 0 0 0 0 0 0 0 0 0 0 0 0 0 0 0 0 0 0 0 0 0 0 0 0 0 0 0 0 0 63 0 0 63 0 63 0 0 0 0 0
63 63 0 0 0 0 0 0 0 0 0 0 0 0 0 0 0 0 0 0 0 63 0 127 127 127 127 127 127 127 63 0 255 191 255 127 0 0 0 0 0 0 0 0 0 0 0 0 0 127 191 0 0 0 0 0 0 0 63 63 255 0 0 0 0 63 0 0 0 191 191 0 63 63 127 127 191 127 127 255 127 255 255 0 0 0 0 0 0 0 0 0 63 0 0 0 0 0 0 0 0 0 0 0 191 63 0 127 63 63 255 127 127 0 0 0 63 0 0 0 0 0 0 0 0 0 0 0 0 0 0 0 0 0 0 0 0 0 0 0 0 0 0 0 0 0 0 0 0 0 0 0 0 0 0 0 0 0 63 127 0 0 255 255 255 255 255 255 255 255 255 255 255 127 0 0 127 255 191 0 0 0 0 0 0 63 0 0 0 0 0 0 0 0 0 0 0 0 0 0 0 0 0 0 0 0 0 0 0 0 0 0 0 0 0 0 0 0 0 0 0 0 0 0 0 0 0 0 0 0 0 0 0 0 63 0 0 0 0 0 0 0 0 0 127 63 0 0 0 0 191 0 0 0 0 0 0 0 0 0 0 0 0 0 0 0 0 0 0 0 0 0 0 0 0 0 0 0 0 0 0 0 0 0 0 0 0 0 0 0 0 0 63 63 0 0 0 0 0 0
63 63 0 0 0 0 0 0 0 0 0 0 0 0 0 0 0 0 127 0 0 127 127 0 0 0 0 0 0 0 0 0 0 0 127 191 0 0 0 0 0 0 0 0 0 0 0 0 0 0 63 127 0 0 0 0 0 0 63 127 255 127 0 0 0 0 0 0 63 191 255 255 255 255 191 127 127 63 127 63 0 63 255 63 0 0 0 0 0 0 0 0 127 0 0 0 0 0 0 0 0 0 0 0 63 0 0 127 63 127 127 127 0 0 0 0 0 0 0 0 0 0 0 0 0 0 0 0 0 0 0 0 0 0 0 0 0 0 0 0 0 0 0 0 0 0 0 0 0 0 0 0 0 0 0 0 0 0 0 0 127 255 255 255 255 255 255 255 255 255 191 191 255 127 0 0 0 127 127 0 0 0 0 0 0 63 0 0 0 0 0 0 0 0 0 0 0 0 0 0 0 0 0 0 63 0 0 0 0 0 0 0 0 0 0 0 0 0 0 0 0 0 0 0 0 0 0 0 0 0 0 0 0 63 63 0 0 0 0 0 0 0 0 127 191 127 191 63 0 0 63 63 0 0 0 0 0 0 0 0 0 0 0 0 0 0 0 0 0 0 0 0 0 0 0 0 0 0 0 0 0 0 0 0 0 0 0 0 127 63 0 0 0 255 0 0 0 0 0 0
127 0 0 0 0 0 0 191 0 0 0 63 127 0 0 0 0 0 63 0 0 0 0 0 0 0 0 0 0 0 0 0 63 63 127 255 0 0 0 0 0 0 0 0 0 0 0 0 0 0 0 0 0 0 0 0 0 0 191 63 255 255 0 0 0 0 0 0 191 127 255 127 127 63 127 127 63 127 63 127 127 63 63 0 0 0 0 0 0 0 0 0 0 0 0 0 0 0 0 0 0 0 0 63 0 0 63 0 0 0 63 63 0 0 0 0 0 0 0 0 0 0 0 0 0 0 0 0 0 0 0 0 0 0 0 0 0 0 0 0 0 0 0 0 0 0 0 0 0 0 0 0 0 0 0 0 0 0 0 0 63 191 255 255 255 255 255 191 127 255 191 63 191 255 0 0 0 0 255 0 0 0 0 0 0 127 63 0 0 0 0 0 0 0 0 0 0 0 0 0 0 0 0 0 0 0 0 0 0 0 0 0 0 0 0 0 0 0 0 0 0 0 0 0 0 0 0 0 0 0 0 63 63 127 127 0 63 127 63 63 0 0 0 63 63 127 127 63 0 0 0 0 0 0 0 0 0 0 0 0 0 0 0 0 0 0 0 0 0 0 0 0 0 0 0 0 0 0 0 0 0 0 0 0 0 0 0 0 0 63 0 0 127 0 0 0 0 0 0 0
191 0 0 63 0 0 0 0 63 0 0 63 63 0 0 0 0 0 127 0 0 0 0 0 0 0 0 0 0 0 0 0 63 191 127 255 0 0 0 0 0 0 0 0 0 0 0 0 0 0 0 0 0 0 0 0 0 0 0 63 255 255 127 0 0 0 0 0 0 0 127 127 127 63 127 127 0 0 0 0 0 0 0 127 0 0 0 0 0 0 0 0 0 0 0 0 0 0 0 0 63 0 63 0 0 0 0 0 0 0 0 0 0 0 0 0 0 0 0 0 0 0 63 0 0 0 0 0 0 0 0 0 0 0 0 0 0 0 0 0 0 0 0 0 0 0 0 0 0 0 0 0 0 0 0 63 127 0 0 127 63 127 127 255 191 191 127 0 0 0 63 0 127 191 0 0 0 0 127 0 0 0 63 0 0 127 0 0 0 0 0 0 0 0 0 0 0 0 0 0 0 0 0 0 0 0 0 0 0 0 0 0 0 0 0 0 0 0 0 0 0 0 0 0 0 0 0 0 63 191 255 191 63 127 0 0 0 0 63 0 0 0 0 0 127 63 127 0 0 0 63 63 0 0 0 0 0 0 0 0 0 0 0 0 0 0 0 0 0 0 0 0 0 0 0 0 0 0 0 0 0 63 0 0 0 0 0 0 63 127 63 191 127 0 0 0 0 0 0 0
255 255 191 63 0 0 0 0 0 0 0 0 0 63 0 0 0 0 0 0 63 0 0 0 0 0 0 0 0 0 0 0 0 0 0 127 0 127 0 0 0 0 0 0 0 0 0 0 0 63 0 0 0 0 0 0 0 0 0 0 0 191 255 0 0 0 0 63 127 0 0 0 0 0 0 0 0 0 0 0 0 0 0 63 0 0 0 0 0 0 0 0 0 0 0 0 0 0 0 0 0 0 127 63 0 0 0 0 0 0 0 0 0 0 0 0 63 0 63 0 127 63 63 63 127 0 0 0 0 0 0 0 0 0 0 0 0 0 0 0 0 0 0 0 0 0 0 0 0 0 0 0 0 0 0 127 0 0 0 0 0 0 63 191 127 63 0 0 0 0 0 0 0 255 191 0 0 63 127 63 0 0 0 0 0 63 0 0 63 63 0 0 0 0 0 0 0 127 0 0 0 0 0 0 0 0 0 0 0 0 0 0 0 0 0 0 0 0 0 0 0 0 0 0 0 0 0 0 191 191 191 0 63 0 0 0 63 63 0 0 0 0 0 63 0 0 63 127 63 63 127 63 0 0 0 0 0 0 0 0 0 0 0 0 0 0 0 0 0 0 0 0 0 0 0 0 0 0 0 0 0 0 0 0 0 0 0 0 0 0 0 127 63 0 0 0 0 0 0 0
191 127 127 0 63 0 127 127 0 63 0 0 127 0 0 63 0 0 0 127 127 0 0 0 0 0 0 0 0 0 0 0 0 0 0 63 127 0 0 0 0 0 0 0 0 63 0 63 63 0 0 0 0 0 0 0 0 0 0 0 0 63 63 0 0 0 0 0 0 0 0 0 0 0 0 0 0 0 0 0 0 0 0 0 0 0 0 0 0 0 0 0 0 0 0 0 0 0 0 0 0 0 0 0 0 0 0 0 0 0 0 0 0 63 0 0 0 0 0 0 0 0 0 127 0 127 0 0 0 0 0 0 0 0 0 0 0 0 0 0 0 0 0 0 0 0 0 0 0 0 0 0 0 0 0 0 0 0 0 0 0 0 127 63 63 0 0 0 0 0 0 0 0 127 63 0 0 63 127 0 0 0 0 0 0 63 127 0 63 0 191 0 0 0 0 0 0 0 0 0 0 0 0 0 0 0 0 0 0 0 0 0 0 0 0 0 0 0 0 0 0 0 0 0 0 0 0 0 63 63 127 63 0 0 0 0 0 0 63 0 0 0 0 0 0 0 0 0 0 0 63 0 0 0 0 0 0 0 0 0 0 0 0 0 0 0 0 0 0 0 0 0 0 0 0 0 0 0 0 0 0 0 0 0 0 0 0 0 0 0 0 0 0 0 0 0 0 0 0 0
127 127 127 191 191 0 63 127 127 0 0 0 0 0 0 0 0 0 0 0 0 0 0 0 0 0 0 0 0 0 0 0 0 0 0 0 63 0 0 0 0 0 0 0 0 0 0 0 127 0 0 0 0 0 0 0 0 0 0 0 0 0 0 0 0 0 0 0 0 0 0 0 0 0 0 0 0 0 0 0 0 0 0 0 0 0 0 0 0 0 0 0 0 0 0 0 0 0 0 0 0 0 0 0 0 0 0 0 0 0 0 0 0 63 191 127 127 127 0 0 0 0 0 0 0 0 0 0 0 0 0 0 0 0 0 0 0 0 0 0 0 0 0 0 0 0 0 0 0 0 0 0 0 0 0 0 0 0 0 63 127 0 63 63 0 0 0 0 0 0 0 0 0 63 0 63 63 0 127 63 0 0 0 0 0 63 255 63 0 0 255 127 63 0 0 0 0 0 0 0 0 0 0 0 0 0 0 0 0 0 0 0 0 0 0 0 0 0 0 0 0 0 0 0 0 0 0 0 0 0 0 0 0 0 0 0 0 0 0 0 0 0 0 0 0 0 0 63 63 0 0 0 0 0 0 0 0 0 0 0 0 0 0 0 0 0 0 0 0 0 0 0 0 0 0 0 0 0 0 0 0 0 0 0 0 0 0 0 0 0 0 0 0 0 0 0 0 0 0 0
0 127 63 63 127 127 191 191 255 0 0 0 0 0 0 0 0 0 0 0 0 0 0 0 0 0 0 0 0 0 0 0 0 0 0 0 0 0 0 0 0 0 0 0 0 0 0 0 0 0 0 0 0 0 0 0 0 0 0 0 0 0 0 0 0 0 0 0 0 0 0 0 0 0 0 0 0 0 0 0 0 0 0 0 0 0 0 0 0 0 0 0 0 0 0 0 0 0 0 0 0 0 0 0 0 0 0 0 0 0 0 0 0 63 0 0 0 191 0 0 0 0 0 0 0 0 0 0 0 0 0 0 0 0 0 0 0 0 0 0 0 0 0 0 0 0 0 0 0 0 0 0 0 0 0 0 127 0 0 0 127 191 63 0 0 0 0 0 0 0 0 0 0 127 63 0 0 0 0 63 0 0 0 0 0 0 63 0 0 0 127 0 0 0 0 0 0 0 0 0 0 0 0 0 0 0 0 0 0 0 0 0 0 0 0 0 0 0 0 0 0 0 0 0 0 0 0 0 0 0 0 0 0 0 0 0 0 0 0 0 0 0 0 0 0 0 0 0 63 0 0 0 0 0 0 0 0 0 0 0 0 0 0 0 0 0 0 0 0 0 0 0 0 0 0 0 0 0 0 0 0 0 0 0 0 0 0 0 0 0 0 0 0 0 0 0 0 0 0 0
63 0 0 127 127 191 0 255 255 63 0 0 0 0 0 0 0 0 0 0 0 0 0 0 0 0 0 0 0 0 0 0 0 0 0 0 127 0 0 63 0 127 0 0 0 0 0 0 0 0 0 0 0 0 0 0 0 0 0 0 0 0 0 0 0 0 0 0 0 0 0 0 0 0 0 0 0 0 0 0 0 0 0 0 0 0 0 0 0 0 0 0 0 0 0 0 0 0 0 0 63 0 0 0 0 0 0 0 0 0 0 0 63 0 0 0 0 0 0 0 0 0 0 0 0 0 0 0 0 0 0 0 0 0 0 0 0 0 0 0 0 0 0 0 0 0 0 0 0 0 0 0 0 0 0 0 127 0 0 0 0 191 63 0 0 0 0 0 0 0 0 0 63 0 0 0 0 0 0 0 0 0 0 0 0 0 0 63 0 0 0 0 63 63 0 0 0 63 0 0 0 0 0 0 0 0 0 0 0 0 0 0 0 0 0 0 0 0 0 0 0 0 0 0 0 0 0 0 0 0 0 0 0 0 0 0 0 0 0 0 0 0 0 0 0 0 0 63 0 0 0 0 0 0 0 0 0 0 0 0 0 0 0 0 0 0 0 0 0 0 0 0 0 0 0 0 0 0 0 0 0 0 0 0 0 0 0 0 0 0 0 0 0 0 0 0 0 0 0 0
0 63 0 0 0 0 0 127 63 0 0 0 0 0 0 0 0 0 0 0 0 0 0 0 0 0 0 0 0 0 0 0 0 0 63 0 0 0 0 0 0 0 0 0 0 0 0 0 0 0 0 0 0 0 0 0 0 0 0 0 0 0 0 0 0 0 0 0 0 0 0 0 0 0 0 0 0 0 0 0 0 0 0 0 0 0 0 0 63 63 0 0 0 0 0 0 0 63 0 0 63 191 0 0 0 0 0 0 0 0 0 0 0 0 0 0 0 0 0 0 0 0 0 0 0 0 0 0 0 0 0 0 0 0 0 127 0 0 0 0 0 0 0 0 0 0 0 0 0 0 0 0 0 0 0 0 0 0 0 0 0 63 63 0 0 0 0 0 0 0 0 0 127 0 0 0 0 0 0 0 0 0 0 0 0 0 0 127 63 0 0 0 127 0 0 0 0 63 0 0 0 0 0 0 0 0 0 0 0 0 0 0 0 0 0 0 0 0 0 0 0 0 0 0 0 0 0 0 0 0 0 0 0 0 0 0 0 0 0 0 0 0 0 0 0 0 0 0 0 63 127 63 127 127 0 0 0 0 0 0 0 0 0 0 0 0 0 0 0 0 0 0 0 0 0 0 0 0 0 0 0 0 0 0 0 0 0 0 0 0 0 0 0 0 0 63 0 0 63 0
127 63 0 63 127 127 0 0 191 0 0 0 0 0 0 0 0 0 0 0 0 0 0 63 0 0 0 0 0 127 63 0 127 0 0 0 127 127 0 0 0 0 0 0 0 0 0 0 0 0 0 0 0 0 0 0 0 0 0 0 0 0 0 0 0 0 0 0 0 0 0 0 0 0 0 0 0 0 0 0 0 0 0 0 0 0 0 0 0 63 63 0 0 0 0 63 127 127 0 63 0 0 0 0 0 0 0 0 0 0 0 0 0 0 0 0 0 0 0 0 0 0 0 63 0 0 0 0 0 0 0 0 0 0 0 63 0 0 0 0 0 0 0 0 0 0 0 0 0 0 0 0 0 0 0 0 0 0 0 0 0 0 127 0 0 0 0 0 0 0 0 0 63 127 0 0 0 0 0 0 0 0 0 0 0 0 0 0 63 0 0 0 127 0 0 0 0 0 0 0 63 0 0 0 0 0 0 0 0 0 0 0 0 0 0 0 0 0 0 0 0 0 0 0 0 0 0 0 0 0 0 0 0 0 0 0 0 0 0 0 0 0 0 0 0 0 0 0 0 0 63 127 0 0 0 0 0 0 0 0 0 0 0 0 0 0 0 0 0 0 0 0 0 0 0 0 0 0 0 0 0 0 0 0 0 0 0 0 0 63 0 0 0 0 0 0 0 0 0 0
0 0 0 63 127 63 63 0 0 63 0 0 0 0 0 0 255 255 191 0 0 0 0 0 63 127 0 127 191 127 255 127 255 0 63 0 0 191 0 0 0 0 0 0 0 0 0 0 0 0 0 0 0 0 0 0 0 0 0 0 0 0 0 0 0 0 0 0 0 0 0 0 0 0 0 0 0 0 0 0 0 0 0 0 0 63 0 0 0 0 0 0 0 0 0 0 63 63 0 0 0 0 0 0 0 0 0 0 0 0 0 0 0 0 0 0 0 0 0 0 0 0 0 63 0 0 0 0 0 0 0 0 0 127 0 0 0 0 0 0 0 0 0 0 0 0 0 0 0 0 0 0 0 0 0 0 0 0 0 0 0 0 63 0 0 0 0 0 0 0 0 0 0 191 0 0 0 0 0 0 0 0 0 0 0 0 0 0 0 0 0 0 0 0 0 0 0 0 0 0 0 0 0 0 0 0 0 0 0 0 0 0 127 0 0 0 0 0 0 0 0 0 0 0 0 0 0 0 0 0 0 0 0 0 0 0 0 0 0 0 0 0 0 0 0 0 0 0 0 0 63 63 0 0 0 0 0 0 0 0 0 0 0 0 0 0 0 0 0 0 0 0 0 0 0 0 0 0 0 0 0 0 0 0 0 0 0 0 0 0 0 0 0 127 0 0 0 0 0 0
0 0 63 0 0 0 63 127 191 127 0 0 0 0 0 0 63 127 0 0 0 0 0 0 127 255 191 127 191 255 191 255 255 63 63 63 0 255 0 0 0 0 0 0 0 0 0 0 0 0 0 0 0 127 0 0 0 0 0 0 0 0 0 0 0 0 0 0 0 0 0 0 0 0 0 0 0 127 191 0 0 0 0 0 0 0 0 0 0 0 0 0 0 0 0 0 0 0 63 127 0 0 0 0 0 0 0 0 0 0 0 0 0 0 0 0 0 0 0 0 63 63 0 127 127 0 127 0 0 0 0 0 0 0 0 0 0 0 0 0 0 0 0 0 0 0 0 0 0 0 0 0 0 0 0 0 0 0 0 0 0 0 0 0 0 0 0 0 0 0 0 0 63 255 0 0 0 0 0 0 0 0 0 0 0 0 0 0 63 127 127 0 0 0 0 0 0 0 0 0 0 0 0 0 0 0 0 0 0 0 0 63 0 0 0 0 0 0 0 0 0 0 63 0 0 0 0 0 0 0 0 0 0 0 0 0 0 0 0 0 0 0 0 0 0 0 0 0 0 0 0 0 0 0 0 0 0 0 0 0 0 0 0 0 0 0 0 0 0 0 0 0 0 0 0 0 0 0 0 0 0 0 0 0 0 0 0 0 0 0 0 127 63 127 0 0 0 0 0 0
0 0 0 0 63 127 191 127 191 127 0 191 63 0 0 0 0 0 0 0 0 0 0 0 191 255 191 191 127 127 127 0 255 63 63 127 0 127 63 0 127 0 0 0 0 0 0 0 0 0 0 0 0 63 0 0 0 63 0 0 0 0 0 63 0 0 0 0 0 0 0 63 0 0 0 0 0 0 0 0 0 0 0 0 0 0 0 0 63 0 0 127 0 0 0 0 0 0 0 0 0 0 0 0 0 0 0 0 63 0 0 0 0 0 0 0 0 0 0 0 0 0 0 63 63 63 0 63 0 255 0 0 63 0 0 0 0 0 0 0 0 0 0 0 0 0 0 0 0 0 0 0 0 0 0 0 0 0 0 0 0 0 0 191 0 0 0 0 0 0 0 0 63 255 63 0 0 0 0 0 0 0 0 0 0 0 0 0 191 255 255 191 127 0 0 63 63 0 0 0 0 0 0 0 0 0 0 0 0 0 0 0 63 0 0 0 0 0 0 0 0 0 0 0 0 0 0 0 0 0 0 0 0 0 0 0 0 0 0 0 0 0 0 0 0 0 0 0 0 0 0 0 0 0 0 0 0 0 0 0 0 0 0 0 0 0 0 0 0 0 0 0 0 0 0 0 0 0 0 0 63 0 0 0 0 0 0 0 0 0 0 0 0 0 0 0 0 0 0 0
0 0 63 255 127 127 127 127 191 127 0 63 127 0 255 127 0 0 0 0 0 0 0 0 191 127 0 191 0 63 0 0 0 0 127 127 0 63 0 0 255 63 0 63 0 0 0 0 0 0 0 0 0 0 0 0 0 63 0 0 0 0 0 0 0 0 0 0 0 0 0 191 0 127 0 0 0 0 0 0 0 0 0 0 0 0 0 127 0 0 0 0 0 0 0 0 0 0 0 0 0 0 0 0 0 0 0 63 63 0 0 0 0 0 0 0 0 0 0 63 0 127 0 0 0 0 0 0 0 0 63 63 0 0 0 0 0 0 0 0 0 0 0 0 0 0 0 0 0 0 0 0 0 0 0 0 0 0 0 0 0 0 0 63 0 0 0 0 0 0 0 0 63 0 0 0 0 0 0 0 0 0 0 0 0 0 0 0 127 63 63 127 127 0 0 0 63 0 0 0 0 0 0 0 0 0 0 0 0 0 0 0 0 0 0 0 0 0 0 0 0 63 63 0 0 0 0 0 0 0 0 0 0 0 0 0 0 0 0 0 0 0 0 0 0 0 0 0 0 0 0 0 0 0 0 0 0 0 0 0 0 0 0 0 0 0 0 0 0 0 0 0 0 0 0 0 0 0 0 0 0 0 0 0 0 0 0 0 0 0 0 0 0 0 0 0 255 127 0 0
0 0 127 191 63 0 0 0 0 0 0 127 63 127 127 191 0 0 0 0 0 0 0 0 0 0 0 0 0 0 0 0 0 0 63 63 0 63 127 0 255 127 127 0 0 0 0 0 0 0 0 0 0 0 0 0 0 0 0 0 0 0 0 0 0 0 0 0 0 0 0 63 0 0 0 0 0 0 0 0 0 0 0 0 0 0 0 0 0 0 0 0 0 0 0 0 0 0 0 0 0 0 0 0 0 0 127 0 191 0 127 0 0 127 63 0 0 0 0 0 0 0 0 0 0 0 0 0 0 0 0 0 0 0 63 0 0 0 0 0 0 0 0 0 0 0 0 0 0 0 0 0 0 0 0 0 0 0 0 0 0 0 0 0 0 0 0 0 0 0 0 63 191 0 0 0 0 0 0 63 0 0 0 63 0 0 0 0 0 0 0 0 0 0 0 0 0 0 0 0 0 0 0 0 0 0 0 0 0 0 0 0 0 0 0 0 0 0 0 0 0 0 63 0 0 0 0 0 0 0 0 0 0 0 0 0 0 0 0 0 63 0 0 0 0 0 0 0 0 0 0 0 0 0 0 0 0 0 0 0 0 0 0 0 0 0 0 0 0 0 0 0 0 0 0 0 0 0 0 0 0 0 0 0 0 0 0 0 0 0 0 0 0 0 0 191 127 191 0 0
127 63 0 0 0 0 0 0 0 0 0 0 0 0 0 63 0 0 0 0 0 0 0 0 0 0 0 0 0 0 0 0 0 0 0 0 0 0 127 0 0 0 0 0 0 0 0 0 0 0 0 0 0 0 0 0 0 0 0 0 0 0 0 0 0 0 0 0 0 0 0 0 0 0 0 0 0 0 0 0 0 0 0 0 0 0 0 0 0 0 0 0 0 63 0 0 0 0 0 0 0 0 0 63 191 63 63 0 0 0 63 0 63 0 0 0 0 0 0 0 0 0 0 0 0 0 0 0 0 0 0 0 0 0 0 0 0 0 0 0 0 0 0 0 0 0 0 0 0 0 0 0 0 0 0 0 0 0 0 0 0 0 0 0 0 0 0 0 0 0 0 127 255 127 127 0 63 63 255 127 63 0 0 0 0 0 0 0 0 0 0 0 0 0 0 0 0 0 0 0 0 0 0 0 0 0 0 0 0 0 0 0 0 0 0 0 0 0 0 0 0 0 0 0 0 0 0 0 0 0 0 0 0 0 0 0 0 0 0 0 63 0 0 0 0 0 0 0 0 0 0 0 0 0 0 0 0 0 0 0 0 0 0 0 0 0 0 0 0 0 0 0 0 0 0 0 0 0 0 0 0 0 0 0 0 0 0 0 0 0 0 0 0 0 0 0 0 0 0 0
127 255 0 0 0 127 0 0 0 0 127 0 0 0 0 0 0 0 0 0 0 0 0 0 0 0 0 0 0 0 0 0 0 0 0 0 0 0 0 0 0 0 0 0 0 0 0 0 0 0 0 0 0 0 0 0 0 0 0 0 0 0 0 0 0 0 0 0 0 0 0 0 0 0 0 0 0 0 0 0 0 0 0 0 0 0 0 0 63 0 127 0 63 0 0 0 0 0 0 0 0 0 0 0 63 127 0 0 0 63 0 0 0 0 0 0 0 0 0 0 0 0 0 0 0 0 0 0 0 0 0 0 0 0 0 0 0 0 0 0 0 0 0 0 0 0 0 0 0 0 0 0 0 0 0 0 0 0 0 0 0 0 0 0 0 0 0 0 0 0 0 191 63 63 127 63 0 63 191 255 191 0 0 0 0 0 0 0 0 0 0 0 0 0 0 0 63 127 63 0 0 0 0 0 0 0 0 0 127 127 63 0 0 0 0 0 0 0 0 0 0 0 0 0 0 0 0 0 0 0 63 0 0 0 0 0 0 0 0 0 0 0 0 0 0 0 0 0 0 0 0 0 0 0 0 0 0 0 0 0 0 0 0 0 0 0 0 0 0 0 0 0 0 0 0 0 0 0 0 0 0 0 0 0 0 0 0 0 0 0 0 0 0 0 0 0 0 0 0 0
0 127 0 0 0 0 0 0 0 0 0 0 0 0 0 0 0 0 0 127 127 0 0 0 0 0 0 0 0 0 0 0 0 0 0 0 0 0 127 0 0 0 0 0 0 0 0 0 0 0 0 0 0 0 0 0 0 0 0 0 0 0 0 0 0 0 0 0 0 0 0 0 0 0 0 0 0 0 0 0 0 0 0 0 0 0 0 0 0 127 63 0 0 0 0 0 0 63 63 0 0 0 0 0 0 0 0 0 0 0 0 0 0 0 0 0 0 0 0 0 0 0 0 0 0 0 0 0 0 0 0 0 0 0 0 0 0 0 0 0 0 0 0 0 0 0 0 0 0 0 0 0 127 0 0 0 0 0 0 0 0 0 0 127 0 0 0 0 0 0 0 0 0 0 127 127 0 63 191 255 255 127 0 0 63 0 0 0 0 0 0 0 0 0 0 0 63 127 127 0 0 0 0 0 0 0 0 0 0 0 0 0 0 0 0 0 0 0 0 0 0 0 0 0 0 0 0 0 63 63 255 63 63 0 0 0 0 0 0 0 0 0 0 0 0 0 0 0 0 0 0 0 0 0 0 0 0 0 0 0 0 0 0 0 0 0 0 0 0 0 0 0 0 63 63 0 0 0 0 0 0 0 0 0 0 0 0 0 0 0 0 0 0 0 0 0 0 0 0 0
191 127 127 63 127 0 0 0 0 0 0 0 0 0 0 0 0 191 255 191 127 0 0 0 0 0 0 0 0 0 0 0 0 0 0 0 0 0 127 0 0 0 0 0 0 0 0 0 127 0 0 0 0 0 0 0 0 0 0 0 0 0 0 0 0 0 0 0 0 0 0 0 0 0 0 0 0 0 0 0 0 0 0 127 127 0 0 0 0 0 0 0 0 0 191 0 63 63 127 0 0 0 0 0 0 0 0 0 0 0 0 0 0 0 0 0 0 0 0 0 0 0 0 0 0 0 127 0 0 0 0 0 127 127 127 63 0 255 191 0 0 0 0 0 0 0 0 0 0 0 0 0 0 0 0 0 0 0 0 0 0 0 127 63 0 0 0 0 0 0 0 0 0 0 0 0 0 191 191 255 255 127 0 0 63 0 0 0 0 0 0 0 0 0 0 0 63 0 0 0 0 0 0 0 0 0 0 0 0 0 0 0 0 0 0 0 0 0 0 0 0 0 0 0 0 0 0 0 0 127 191 0 0 0 0 0 0 0 0 0 0 0 0 0 0 0 0 0 0 0 0 0 0 0 0 0 0 0 0 0 0 0 0 0 0 0 0 0 0 0 0 0 0 0 0 0 0 0 0 0 127 0 0 0 0 0 0 0 0 0 0 0 0 0 0 0 0 0 0 0
127 63 0 63 127 63 0 127 63 0 127 63 63 0 0 0 127 63 63 0 0 0 0 0 0 0 0 0 0 0 0 0 0 0 0 0 0 0 0 255 63 0 0 0 0 0 0 0 0 0 0 0 0 0 0 0 0 0 0 0 0 0 0 0 0 0 0 0 0 63 0 0 0 0 63 0 0 0 0 0 0 63 0 63 0 63 63 0 63 0 0 0 0 0 63 0 63 0 0 0 0 0 0 0 0 0 0 0 0 0 0 0 0 0 0 0 0 0 0 0 0 0 0 0 0 0 0 0 0 0 0 127 63 127 63 127 63 127 63 127 63 0 0 0 0 0 0 0 0 0 0 0 0 0 0 0 0 0 0 0 0 127 127 63 0 0 0 0 0 0 0 0 0 0 0 63 255 255 255 191 191 127 0 0 0 0 0 0 0 0 0 0 0 0 0 0 0 0 0 0 0 0 0 0 0 0 0 0 0 0 0 0 0 0 0 0 0 0 0 0 0 0 0 0 0 0 0 0 0 0 0 63 0 0 0 0 0 0 0 0 0 0 0 0 0 0 0 0 0 0 0 0 0 0 0 0 0 0 0 0 0 0 0 0 0 0 0 0 0 0 0 0 0 0 0 0 0 0 0 0 0 0 0 0 0 0 0 0 0 0 0 0 63 0 0 0 0 0 0 0
127 127 127 255 127 127 127 127 0 0 127 63 63 0 0 63 0 0 0 0 0 0 0 0 0 0 0 0 0 0 0 0 0 0 0 0 0 0 0 0 0 0 0 0 63 0 0 0 0 0 0 0 0 0 0 0 0 0 0 0 0 0 0 0 0 0 0 0 0 0 0 0 0 0 0 0 0 0 0 0 0 0 255 0 0 0 0 0 0 0 0 0 0 0 63 63 63 63 63 0 0 0 0 0 63 0 0 0 0 0 0 0 0 0 0 0 0 0 0 0 0 0 0 0 0 0 0 0 0 0 0 191 63 63 0 0 0 63 63 127 191 63 0 0 0 0 0 0 0 0 0 0 0 0 0 0 0 0 0 0 0 191 127 0 63 0 0 0 0 0 0 0 0 0 0 0 0 191 191 255 255 255 0 0 0 0 0 0 0 0 0 0 0 0 0 0 0 0 0 0 0 0 0 0 0 0 0 0 0 0 0 0 0 0 0 63 0 0 0 0 0 0 0 0 0 0 0 0 0 0 0 0 0 0 0 0 0 0 0 0 0 0 0 0 0 0 0 0 0 0 0 0 0 0 0 0 0 0 0 0 0 0 0 0 0 0 0 0 0 0 0 0 0 0 0 0 0 0 0 0 0 0 0 0 0 0 0 0 0 0 0 0 63 0 0 0 0 0 0 0
127 127 0 255 127 0 0 0 0 0 0 0 0 0 0 0 0 0 0 0 0 0 0 0 0 0 0 0 0 0 0 0 0 0 0 0 0 0 0 127 63 0 0 0 0 0 0 0 0 0 0 0 0 0 0 0 0 0 0 0 0 0 0 0 0 0 0 0 0 0 0 0 0 0 0 0 0 0 0 0 0 0 0 0 0 0 63 63 0 0 0 0 0 0 0 0 0 63 0 0 0 0 0 0 127 0 0 0 0 0 0 0 0 0 127 0 0 0 0 0 0 0 0 0 0 0 0 0 0 0 0 0 0 0 0 0 63 63 63 63 63 63 0 0 0 0 0 0 0 0 0 0 0 0 0 0 0 0 0 127 63 127 127 127 0 63 0 0 0 0 0 0 0 0 0 0 0 0 191 191 191 191 0 0 0 0 63 0 0 0 0 0 0 0 0 0 0 0 0 0 0 0 0 0 0 0 0 0 0 0 0 0 0 0 0 0 0 0 0 0 0 0 0 0 0 0 0 0 0 0 0 127 127 0 0 0 0 0 0 0 0 0 0 0 0 0 0 0 0 0 0 0 0 0 0 0 0 0 0 0 0 0 0 0 0 0 0 0 0 0 0 0 0 0 0 0 0 0 0 0 0 0 0 0 0 0 0 0 0 0 0 0 0 0 0 0 0 0 0 0
0 0 0 0 0 0 0 0 0 0 0 0 0 0 0 0 63 0 0 0 0 0 0 0 0 0 0 0 0 0 0 0 0 0 0 0 0 0 0 0 0 0 0 0 0 0 0 0 0 0 0 0 0 0 0 0 0 0 0 0 0 0 0 0 0 0 0 0 0 0 0 0 0 0 0 0 0 0 0 0 0 0 0 0 0 0 0 0 0 0 0 0 0 0 0 0 0 0 0 0 0 0 0 127 63 63 0 0 0 0 0 0 0 127 63 0 0 0 0 0 0 0 0 0 0 0 0 0 0 0 0 63 0 0 0 0 0 0 0 0 0 0 0 0 0 0 0 0 0 0 0 0 0 0 0 0 0 127 63 63 63 0 0 63 0 0 0 0 0 0 0 0 0 0 0 0 63 127 63 127 127 255 127 0 0 63 63 191 0 0 0 0 0 0 0 0 0 0 0 0 0 0 0 0 0 0 0 0 0 0 0 0 0 0 0 0 0 0 0 0 0 0 0 0 0 0 0 0 0 0 0 0 63 0 0 0 0 0 0 0 0 0 0 63 0 0 0 0 0 0 127 63 63 0 0 63 0 0 0 0 0 0 0 0 0 0 0 0 0 0 0 0 0 0 0 0 0 0 0 0 0 0 0 0 0 0 0 0 0 0 0 0 0 0 0 0 0 0 0 0
0 0 0 63 63 0 63 0 0 0 0 0 0 0 0 0 0 0 0 0 0 0 0 0 0 0 0 0 0 0 0 0 0 0 0 0 0 0 0 0 0 0 63 127 63 0 0 0 0 0 63 0 0 0 0 0 0 0 0 0 0 0 0 0 0 0 0 0 0 0 0 0 0 0 0 0 0 0 0 0 0 0 0 0 0 0 0 0 0 0 0 0 0 0 0 0 0 0 0 0 0 0 0 63 0 63 0 0 0 0 0 127 0 63 63 0 0 0 0 0 0 0 0 0 0 0 0 0 63 0 0 0 0 0 0 0 0 0 0 0 0 0 0 0 0 0 0 0 0 0 0 0 0 0 0 0 0 0 0 0 0 0 255 0 0 0 0 0 0 0 0 0 0 0 0 0 0 63 191 63 191 191 0 0 0 0 0 0 0 0 63 0 0 0 0 0 0 0 0 0 0 0 0 0 0 0 0 0 0 0 0 0 63 63 0 0 0 0 0 0 0 0 0 0 0 0 0 0 0 0 0 0 0 0 0 0 0 0 0 0 0 0 0 0 0 0 0 0 0 0 63 63 0 0 0 63 63 0 127 63 63 0 0 0 0 0 0 63 0 0 0 0 0 0 0 0 0 0 0 0 0 0 0 0 0 0 0 0 0 0 0 0 0 0 0 0 0 0 0 0
127 63 0 0 0 127 63 0 0 0 0 0 0 0 0 0 0 0 0 0 0 0 0 0 0 0 0 0 0 0 0 0 0 0 0 63 0 191 63 63 0 0 127 127 63 63 127 0 0 0 0 0 0 0 0 0 0 0 0 0 0 0 0 0 0 0 0 0 0 0 0 0 0 0 0 0 0 0 0 63 0 0 0 0 0 0 0 0 0 0 0 0 0 0 0 0 0 0 0 0 0 0 0 0 0 0 0 0 0 0 0 0 63 63 0 0 0 0 0 0 0 0 0 0 0 0 0 0 0 0 0 63 0 0 0 0 0 0 0 0 0 0 0 0 0 0 0 0 0 0 0 0 0 0 0 0 0 0 0 0 0 127 127 191 127 0 0 0 0 0 0 63 191 127 191 255 255 255 191 127 127 63 0 0 0 127 63 63 0 0 0 0 0 0 0 0 0 0 0 0 0 0 0 0 0 0 0 0 0 0 63 0 127 0 127 0 0 0 0 0 0 0 0 0 0 0 0 0 0 0 0 0 0 0 0 0 0 0 0 0 0 0 0 0 0 0 0 0 0 191 127 127 63 0 0 0 0 0 0 0 0 63 0 0 0 0 0 0 0 0 0 0 0 0 0 0 0 0 0 0 0 0 0 0 0 0 0 0 0 0 0 0 0 0 0 0 0 0 0 0
0 0 0 0 0 0 0 0 0 0 0 0 0 0 0 0 0 0 0 0 0 0 0 0 0 0 0 0 127 63 127 127 0 0 0 0 0 0 0 0 0 0 0 127 0 63 63 0 0 0 0 0 0 0 127 0 0 0 0 0 0 0 0 0 0 0 0 0 0 0 0 0 63 127 127 127 191 127 255 63 0 0 0 0 0 0 0 0 0 63 127 63 0 0 0 0 0 0 0 0 0 0 0 0 0 0 0 0 0 0 191 127 0 0 0 0 0 0 0 0 0 0 0 0 0 0 0 0 0 0 0 0 0 0 0 0 0 0 0 0 0 0 0 0 0 0 0 0 0 0 0 0 0 0 0 0 0 0 0 0 0 0 127 255 191 0 127 0 127 255 255 127 255 127 127 127 63 63 0 0 0 0 0 0 0 0 0 0 0 0 0 0 0 0 0 0 0 0 0 0 0 0 0 0 0 0 0 0 0 127 63 63 0 63 127 0 0 0 0 0 0 0 0 0 0 0 0 0 63 0 0 0 0 0 0 0 0 0 0 0 0 0 0 0 0 0 0 0 63 63 63 255 0 63 0 0 0 0 0 0 0 0 0 0 0 0 0 0 0 0 0 0 0 0 0 0 0 0 0 0 0 0 0 0 0 0 0 0 0 0 0 0 0 0 0 0 0 0 0 0
0 0 0 0 0 0 0 0 0 0 0 0 0 0 0 0 0 0 0 0 63 63 0 0 63 0 127 0 0 0 0 0 0 0 0 0 0 0 0 0 0 63 127 63 0 63 0 0 0 0 0 0 0 0 0 0 0 0 0 0 0 0 0 0 0 0 63 0 63 0 127 127 0 0 127 0 0 63 127 191 63 0 0 0 0 0 0 0 0 0 0 0 0 0 0 0 0 0 0 0 0 0 0 0 0 0 0 0 0 0 0 0 0 0 0 0 0 0 0 0 0 0 0 0 0 0 0 0 0 0 0 0 0 0 0 0 0 0 0 0 0 0 0 0 0 0 0 0 0 0 0 0 0 0 0 0 0 63 127 0 0 0 127 191 255 255 191 0 191 191 191 127 127 63 0 0 0 0 0 0 0 0 0 0 0 0 0 0 0 0 0 0 0 0 0 0 0 0 0 0 0 0 0 0 0 0 0 0 0 63 127 0 127 0 0 0 0 0 0 0 0 0 0 0 0 0 63 0 0 0 0 0 0 0 0 0 0 0 0 0 0 127 0 0 0 0 0 0 63 0 0 63 0 0 0 0 0 0 0 0 0 0 0 0 0 0 0 0 0 0 0 0 0 0 0 0 0 0 0 0 0 0 0 0 0 0 0 0 0 0 0 0 0 0 0 0 0 0 0 0
0 0 0 0 0 0 0 0 0 0 0 0 63 0 0 0 0 0 63 0 127 127 63 0 0 63 0 127 0 0 0 0 0 0 0 0 0 0 0 63 191 255 255 191 255 63 0 0 0 0 0 0 0 0 0 0 0 0 0 0 127 127 63 0 127 63 0 0 127 0 63 127 127 255 63 255 191 63 63 255 127 0 0 0 0 0 0 0 0 0 0 0 0 0 0 0 0 0 0 0 0 0 0 0 0 0 63 127 0 0 127 127 0 0 0 0 0 0 0 0 0 0 0 0 0 0 0 0 0 0 0 0 0 0 0 0 0 0 0 0 0 0 0 0 0 0 0 0 0 0 0 0 0 0 0 0 0 0 0 0 0 0 0 127 63 0 0 0 0 0 63 0 0 0 0 0 0 0 0 0 0 0 0 0 0 0 0 127 0 0 0 0 0 0 0 0 0 0 0 0 0 0 0 0 0 0 0 0 0 0 0 63 0 0 0 0 0 0 0 0 0 0 0 0 0 0 0 0 0 0 0 0 0 0 0 0 0 0 0 0 0 0 0 63 0 0 0 0 0 0 0 0 0 0 0 0 0 0 0 0 0 0 0 0 0 0 0 0 0 0 0 0 0 0 0 0 0 0 0 0 0 0 0 0 0 0 0 0 0 0 0 0 0 0 0 0 0 0 0 0
0 0 0 0 0 0 0 0 63 0 0 63 63 127 0 0 0 0 0 0 0 127 255 0 0 0 0 0 127 63 63 0 63 127 127 127 63 0 63 0 63 127 127 255 127 0 63 63 0 0 0 63 127 0 0 0 0 0 127 63 127 0 0 0 127 127 127 255 255 191 255 255 127 127 63 0 0 0 0 127 191 0 0 0 0 0 0 0 0 0 0 0 0 0 0 0 0 0 0 0 0 0 0 0 0 0 0 127 63 63 0 63 0 0 0 0 0 0 0 0 0 0 0 0 0 0 0 0 0 0 0 0 0 0 0 0 0 0 0 0 0 0 0 63 0 0 0 0 0 0 0 0 0 0 0 0 0 0 0 0 0 0 0 0 0 0 0 0 0 0 0 0 0 0 0 0 0 0 0 0 0 0 0 0 0 0 0 0 0 0 0 0 0 0 0 0 0 0 0 0 0 0 0 0 0 127 127 0 0 0 0 0 0 0 0 0 0 0 0 0 0 0 0 0 0 0 0 0 0 0 63 0 0 0 0 0 0 0 0 0 0 0 0 0 0 63 127 0 0 0 0 0 0 0 0 0 0 0 0 0 0 0 0 0 0 0 0 0 0 0 0 0 0 0 0 0 0 0 0 0 0 0 0 0 0 0 0 0 0 0 0 0 0 0 0 0 0 0 0 0
0 0 0 191 127 0 0 0 0 0 0 0 0 0 0 0 0 0 0 63 0 0 0 0 191 191 63 63 255 127 255 63 63 127 63 127 191 63 0 0 0 0 0 127 0 127 63 0 0 0 0 63 127 0 0 0 0 0 0 0 127 191 191 127 191 191 191 255 255 0 127 127 63 0 0 0 0 0 0 127 255 0 0 0 0 0 0 0 0 0 0 0 0 0 0 0 0 0 0 0 0 0 0 0 0 0 0 0 0 0 0 0 0 0 0 0 0 0 0 0 0 0 0 0 0 0 0 0 0 0 0 0 0 0 0 0 0 0 0 0 0 0 0 0 0 0 0 0 0 0 0 0 0 0 0 0 0 0 0 0 0 0 0 0 0 0 0 0 0 0 0 0 0 0 0 0 0 0 0 0 0 0 0 0 0 0 0 0 0 0 0 0 0 0 0 0 0 0 0 0 0 0 63 63 0 0 0 0 0 0 0 0 0 0 0 0 0 0 0 0 0 0 0 0 0 0 0 0 0 0 0 0 0 0 0 0 0 0 0 0 0 0 0 0 63 191 127 0 0 0 63 0 0 0 0 0 0 0 0 0 0 0 0 0 0 0 0 0 0 0 0 0 0 0 0 0 0 0 0 0 0 0 0 0 0 0 0 0 0 0 0 0 0 0 0 0 0 0 0 0
0 0 63 0 0 0 0 0 0 0 63 63 0 0 0 127 0 0 0 0 63 0 0 191 127 191 255 191 255 255 127 0 0 0 191 255 191 127 0 0 0 0 0 0 0 0 0 0 0 0 0 0 0 0 0 0 63 63 0 0 191 127 0 0 0 0 0 127 0 0 0 0 0 0 0 0 0 0 63 127 255 127 191 255 127 0 0 0 0 0 0 0 0 0 0 0 0 0 0 63 0 0 63 0 0 0 0 0 0 0 0 0 0 0 0 0 0 0 0 63 0 0 0 0 0 0 0 0 0 0 0 0 0 0 0 0 0 0 0 0 0 0 0 0 63 0 0 0 0 0 0 0 0 0 0 0 0 0 0 0 0 0 0 0 0 0 0 0 0 0 0 0 0 0 0 0 0 0 0 0 0 0 0 0 0 63 0 127 0 0 0 0 0 0 0 0 0 0 0 0 0 0 0 0 0 0 0 0 0 63 0 0 0 0 0 0 0 0 0 0 0 0 0 0 0 0 0 0 0 0 0 0 0 0 0 0 0 0 0 0 0 0 0 0 63 127 127 63 0 127 255 127 0 0 0 0 0 0 0 0 0 0 0 0 0 0 0 0 0 0 0 0 0 0 0 0 0 0 0 0 0 0 0 0 0 0 0 0 0 0 0 0 0 0 0 0 0 0 0 0
0 0 0 0 127 0 0 0 0 127 63 127 255 255 0 191 0 0 0 0 191 63 0 0 0 0 0 127 63 0 0 0 63 127 127 255 255 0 191 63 0 0 0 0 0 127 63 0 0 0 0 0 0 0 0 0 0 0 0 0 0 0 0 0 0 0 0 0 0 0 0 0 127 127 127 63 127 255 255 255 255 191 127 63 63 0 0 0 0 0 0 0 0 0 0 0 0 0 0 63 191 127 127 0 0 63 0 127 127 0 0 0 0 0 0 0 0 0 127 0 0 0 0 0 0 0 0 0 0 0 0 0 0 0 0 0 0 0 0 0 0 0 0 63 0 0 0 0 0 0 0 0 0 0 0 0 0 0 0 0 0 0 0 0 0 0 0 0 0 0 0 0 0 0 0 0 0 0 0 0 0 0 0 0 0 0 0 0 0 0 0 0 0 0 0 0 0 0 0 0 0 0 0 0 0 0 0 0 63 0 0 0 0 0 0 0 0 0 127 0 0 0 0 0 0 0 63 0 0 0 0 0 191 127 63 127 0 0 0 0 0 0 0 0 0 0 0 0 0 0 0 0 0 0 0 0 0 0 0 0 0 0 0 0 0 0 0 0 0 0 0 0 0 0 0 0 0 0 0 0 0 0 0 0 0 0 0 0 0 0 0 0 0 0 0 0 0 0 0 0
63 0 0 63 0 255 63 191 63 63 63 0 191 255 127 0 0 0 0 0 0 0 0 0 0 0 0 0 0 0 0 0 63 63 127 255 255 0 0 0 0 63 191 63 191 63 0 0 63 0 0 0 0 0 0 0 0 0 0 0 0 63 0 0 0 0 0 127 63 127 255 127 255 255 127 63 63 191 127 0 63 127 191 127 255 63 0 0 0 0 0 0 0 0 0 0 0 0 0 0 63 0 0 0 0 0 0 0 0 0 0 0 0 0 0 0 0 0 0 0 0 63 0 0 0 0 0 0 0 0 0 0 0 0 0 0 0 0 0 0 0 0 0 0 0 0 0 63 0 0 0 0 0 0 0 0 0 0 0 0 0 0 0 0 0 0 0 0 0 0 0 0 0 0 0 0 0 0 0 0 0 0 0 63 0 0 0 63 0 0 0 0 0 0 0 0 0 0 0 0 0 0 0 0 0 0 0 0 0 0 0 0 0 0 0 0 0 63 0 0 0 0 0 0 0 63 191 0 63 0 0 63 0 127 127 255 63 0 0 0 0 0 63 191 63 63 63 63 0 0 0 0 0 0 0 0 0 0 0 0 0 0 0 0 0 0 0 0 0 0 0 0 0 0 0 0 0 0 0 0 0 0 0 0 0 0 0 0 0 0 0 0 0 0 0 0 0 0 0 0
191 0 127 0 127 0 63 191 191 127 63 0 191 255 127 63 0 0 63 63 0 0 0 0 0 0 0 0 0 0 0 0 0 191 0 255 255 63 63 63 0 0 127 191 127 127 63 0 0 0 0 0 0 0 0 0 63 0 0 0 127 63 63 0 127 63 127 191 0 0 0 0 63 127 63 0 0 0 0 0 127 255 127 127 0 0 0 0 0 0 0 0 0 0 0 0 0 0 0 0 0 63 0 0 0 0 0 0 0 0 0 0 0 0 0 0 0 0 0 0 0 0 63 0 0 0 0 0 0 0 0 0 0 0 0 0 0 0 0 0 0 0 0 0 0 0 0 0 0 0 0 0 0 0 0 0 0 0 0 0 0 0 0 0 0 0 0 0 0 0 0 0 0 0 0 0 0 0 0 0 0 0 0 0 0 0 0 0 0 0 0 0 0 0 0 0 0 0 0 0 0 0 0 0 0 0 0 0 0 0 0 0 0 0 63 127 0 0 0 0 0 0 0 0 0 0 0 0 0 63 63 0 0 191 127 0 0 0 0 0 0 127 63 63 63 63 63 0 0 0 0 0 0 0 0 0 0 0 0 0 0 0 0 0 0 0 0 0 0 0 0 0 0 0 0 0 0 0 0 0 0 0 0 0 0 0 0 0 0 0 0 0 0 0 0 0 0 0 0 0
255 0 63 63 127 0 0 127 0 0 0 0 127 127 255 0 63 63 63 0 0 0 0 0 0 0 0 0 0 0 0 0 0 0 63 255 255 127 0 0 63 0 255 191 127 0 127 0 0 0 0 0 0 0 0 191 255 255 63 191 191 255 255 191 127 127 63 0 0 0 0 0 0 63 0 0 0 0 0 0 0 0 0 127 127 0 0 0 0 0 0 0 0 0 0 0 0 0 0 0 0 0 0 0 0 0 0 0 0 0 0 0 0 0 0 0 0 0 0 0 0 0 0 0 0 0 0 0 0 0 0 0 0 0 0 0 0 0 0 63 127 0 0 0 0 0 0 0 0 0 0 0 0 0 0 0 0 0 0 0 0 0 0 0 0 0 0 0 0 0 0 0 0 0 0 0 0 0 0 0 0 0 0 0 0 0 0 0 0 0 0 0 0 0 0 0 0 0 0 0 0 0 0 0 0 0 0 0 0 0 0 0 0 0 0 0 0 0 0 0 0 0 0 0 0 0 0 0 0 63 63 0 0 0 0 0 0 0 0 0 0 0 0 0 0 0 0 0 0 0 0 0 0 0 0 0 0 0 0 0 0 0 0 0 0 0 0 0 0 0 0 0 0 0 0 0 0 0 0 0 0 0 0 0 0 0 0 0 0 0 0 0 0 0 0 0 0 0 0 0
191 0 0 0 0 0 0 0 0 0 0 0 0 127 255 0 127 0 0 0 0 0 0 0 0 0 0 0 63 0 0 0 63 63 63 127 255 255 0 0 63 0 63 0 0 63 0 63 63 127 0 0 127 0 0 0 0 63 63 127 63 0 63 63 0 0 0 0 0 0 0 0 0 0 0 0 0 0 0 0 0 63 0 127 63 0 0 0 0 0 0 0 0 0 0 0 0 0 0 0 0 0 0 0 0 0 0 0 0 0 0 0 0 0 0 0 0 0 0 0 0 0 0 0 0 0 0 0 0 0 0 0 0 0 0 0 0 0 63 0 63 63 0 0 0 0 0 0 0 0 0 0 0 0 0 0 0 0 0 0 0 0 0 0 0 0 0 0 0 0 0 0 0 0 0 0 0 0 0 0 0 0 0 0 0 0 0 0 0 0 0 0 0 0 0 0 0 0 0 0 63 127 0 0 0 0 0 0 0 0 0 0 0 0 0 0 127 127 0 0 0 0 0 0 0 0 0 0 0 0 0 0 0 0 0 0 0 0 0 0 0 0 0 0 0 0 0 0 0 0 0 0 0 0 0 0 0 0 0 0 0 0 0 0 0 0 0 0 0 0 0 0 0 0 0 0 0 0 0 0 0 0 0 0 0 0 0 0 0 0 0 0 0 0 0 0 0 0 0 0
127 127 0 0 127 0 127 0 0 0 0 0 0 0 0 0 0 0 0 0 0 0 63 63 127 0 0 127 127 0 0 0 0 191 127 63 127 127 0 0 0 0 0 0 0 0 191 0 63 63 0 0 0 0 0 0 0 127 63 0 0 0 0 0 0 0 0 0 0 0 0 0 0 0 0 0 0 0 0 0 0 0 0 191 0 0 0 0 0 0 0 0 0 0 0 0 0 0 0 0 0 0 0 0 0 0 0 0 0 0 0 0 0 0 0 0 0 0 0 0 0 0 0 0 0 0 0 0 0 0 0 0 0 0 0 0 0 0 63 127 255 63 0 0 0 0 0 0 63 0 0 0 0 0 0 0 0 0 0 0 0 0 0 0 0 0 0 0 0 0 0 0 0 0 0 0 0 0 0 0 0 0 0 0 0 0 0 0 0 0 0 0 0 0 0 0 0 0 0 0 0 0 0 63 127 0 0 0 0 0 0 0 0 0 0 0 255 63 0 63 0 0 0 0 0 0 0 0 0 0 0 0 191 0 0 0 0 0 0 0 0 0 0 127 0 0 0 0 0 0 0 0 0 0 0 0 0 0 0 0 0 0 0 0 0 0 0 0 0 0 0 0 0 0 0 0 0 0 0 0 0 0 0 0 0 0 0 0 0 0 0 0 0 0 0 0 0 0 0 0
63 127 0 0 0 0 0 0 0 0 0 0 0 0 0 0 127 63 0 0 0 63 255 191 191 255 127 63 0 0 0 0 0 0 0 0 0 0 0 0 0 63 63 0 0 0 127 127 0 0 0 0 0 63 127 63 127 127 63 0 0 0 0 0 0 0 0 0 0 0 0 0 0 0 0 0 127 0 0 0 0 0 63 63 0 0 0 0 63 0 0 0 0 0 0 0 0 0 0 0 0 0 0 0 0 0 0 0 0 0 0 0 0 0 127 0 0 0 0 0 0 0 0 0 0 0 0 0 0 0 0 0 0 0 0 0 0 0 0 63 127 127 0 0 0 0 0 0 0 0 63 0 0 0 0 0 0 0 0 0 0 0 0 0 0 0 0 0 0 0 0 0 0 0 0 0 0 0 0 0 0 0 0 0 0 0 0 0 0 0 0 0 0 0 0 0 0 0 0 0 0 0 0 0 0 63 0 0 0 0 0 0 0 0 0 63 0 0 127 191 0 255 63 127 0 0 0 0 0 0 0 0 63 0 0 0 0 0 0 0 0 0 0 0 0 0 0 0 0 191 127 0 0 0 0 0 0 0 0 0 0 0 0 0 0 0 0 0 0 0 0 0 0 0 0 0 0 0 0 0 0 0 0 0 0 0 0 0 0 0 0 0 0 0 0 0 63 0 0 0
0 191 0 0 0 0 0 0 63 63 0 63 0 0 63 0 63 63 0 127 63 63 127 63 63 255 255 0 0 0 0 0 0 0 0 0 0 0 0 0 0 0 0 0 63 63 0 255 63 63 0 0 0 0 63 0 0 0 0 0 0 0 0 0 0 0 0 0 0 0 0 0 0 0 0 0 0 0 0 0 0 0 0 0 0 127 191 127 127 0 0 0 0 0 0 0 0 0 0 0 0 0 0 0 0 0 0 0 0 0 0 0 0 0 63 63 0 0 0 0 0 0 0 0 0 0 0 0 0 0 0 0 0 0 0 0 0 0 0 0 0 127 0 0 0 0 0 0 0 0 0 0 0 0 0 0 0 0 0 0 0 0 0 0 0 0 0 0 0 0 0 0 0 0 0 0 0 0 0 0 0 0 0 0 0 0 0 0 0 0 0 0 0 0 0 0 0 0 0 0 0 0 127 63 63 0 0 63 63 63 0 0 0 0 0 0 0 0 0 0 0 0 127 127 63 0 0 0 0 0 0 0 0 0 0 127 0 0 0 0 0 0 0 0 0 0 0 0 0 0 0 0 0 0 0 0 0 0 0 0 0 0 0 0 0 0 0 0 0 0 0 0 0 0 0 0 0 0 0 0 0 0 0 0 0 0 0 0 0 0 0 0 0 0 0 0 0 0 0 0
0 255 0 0 0 0 0 0 0 0 0 191 0 0 63 0 0 127 0 63 63 0 0 0 127 127 127 0 0 127 0 63 127 0 0 0 63 63 63 0 0 0 0 63 127 63 0 63 63 63 0 0 0 0 0 0 0 0 0 0 0 0 0 63 0 0 0 0 0 0 0 0 0 0 0 0 0 0 0 0 0 0 0 0 0 0 0 0 0 0 0 0 0 0 0 0 0 127 0 0 0 0 0 0 0 0 0 0 0 0 0 0 0 0 0 0 0 0 0 0 0 0 0 0 0 0 0 0 0 0 0 0 0 0 0 0 0 0 0 0 0 63 0 0 0 0 0 0 0 63 0 0 0 0 0 0 0 0 0 0 0 0 0 0 0 0 0 0 0 0 0 0 0 0 0 0 0 0 0 0 0 0 63 0 0 0 0 0 63 0 0 63 0 0 0 0 0 0 0 0 0 0 0 63 0 0 127 63 0 63 0 0 0 0 127 127 0 0 0 0 0 0 0 0 0 0 0 0 0 0 0 0 0 0 0 0 0 0 0 0 0 0 0 0 0 0 0 0 0 127 63 0 0 0 0 0 0 0 0 0 0 0 0 0 0 0 0 0 0 0 0 0 0 0 0 0 0 0 0 0 0 0 0 0 0 0 0 0 0 0 0 0 0 0 0 0 0 0 0 0
0 191 127 0 0 0 0 0 0 0 0 0 0 0 127 127 0 0 0 127 63 0 0 255 191 127 0 0 127 0 191 191 63 63 0 0 191 0 0 127 127 0 127 255 255 255 255 127 0 0 0 0 0 0 0 0 0 0 0 0 0 0 0 0 0 0 0 0 0 0 0 0 0 0 0 0 0 0 0 0 0 0 0 0 0 0 0 0 0 127 0 0 0 0 0 0 0 63 0 0 0 0 0 0 0 0 0 0 0 0 0 0 0 0 0 0 0 0 0 0 0 0 0 0 0 0 0 0 0 0 0 0 0 0 0 63 0 0 0 0 0 0 0 0 0 0 0 0 0 0 0 0 0 0 0 0 0 0 0 0 0 0 0 0 0 0 0 0 0 0 0 0 0 0 0 0 0 0 0 0 0 63 127 127 0 0 63 127 0 63 0 127 63 63 0 0 0 0 0 0 0 0 0 0 0 0 0 0 191 127 63 0 0 0 0 0 0 0 0 0 63 63 0 0 0 0 0 191 127 0 63 0 0 0 0 0 63 0 63 0 0 0 0 0 0 0 0 0 0 0 0 0 0 0 0 0 0 0 0 0 0 0 0 0 0 0 0 0 0 0 0 0 0 0 0 0 0 0 0 0 0 0 0 0 0 0 0 0 0 0 0 0 0 0 0 0 0 0 0 0
0 0 127 0 0 0 0 0 0 0 0 0 127 127 63 255 0 191 0 63 0 0 0 63 191 191 63 63 0 0 127 0 0 63 63 0 63 63 0 63 0 0 127 127 255 255 127 127 0 0 0 0 0 0 0 0 0 0 0 0 0 0 0 0 0 0 0 0 0 0 0 0 0 0 0 0 0 0 0 0 0 0 191 0 0 0 0 0 0 0 63 0 0 63 0 0 0 63 0 0 0 0 0 0 0 0 0 0 0 0 0 0 0 0 0 0 0 0 0 0 0 0 0 0 0 0 63 127 0 0 0 0 0 0 0 0 63 0 0 0 0 0 0 0 0 0 0 0 0 0 0 0 0 0 0 0 0 0 0 0 0 0 0 0 0 0 0 0 63 0 0 0 0 0 0 0 0 0 0 0 0 0 127 63 0 63 63 0 63 63 0 63 0 127 0 0 0 0 0 0 0 0 0 0 0 0 0 63 63 63 63 0 0 0 0 63 0 0 0 0 63 191 0 0 63 0 0 127 191 0 63 0 0 0 0 0 0 0 0 0 0 0 0 0 0 0 0 0 0 0 0 0 0 0 0 63 63 0 0 0 0 0 0 0 0 0 0 0 0 0 0 0 0 0 0 0 0 0 0 0 0 0 0 0 0 0 0 0 0 0 0 0 0 0 0 0 0 0 0 0
0 63 63 0 0 0 0 0 63 127 0 63 127 63 0 191 0 0 63 0 0 0 0 0 0 63 127 63 0 0 0 0 63 63 63 0 63 0 63 0 0 0 0 127 63 0 0 0 0 0 0 0 0 0 0 0 0 0 0 0 0 0 0 0 0 0 0 0 0 0 0 0 0 0 0 0 0 0 0 0 0 0 255 63 0 0 0 0 0 0 63 0 0 63 0 0 127 0 0 0 0 0 0 0 0 0 0 0 0 0 0 0 0 0 0 0 0 127 0 0 63 0 0 0 0 0 0 0 0 0 0 0 0 0 0 0 0 0 0 0 0 0 0 0 0 0 0 0 0 0 0 0 0 0 0 0 0 0 0 0 0 0 0 0 0 0 0 0 0 0 0 0 0 0 0 0 0 0 0 0 0 0 0 0 0 63 63 0 127 0 63 127 0 127 0 0 0 0 0 0 0 0 0 0 0 0 0 0 0 63 191 127 0 0 0 63 0 0 0 0 63 127 63 63 127 0 127 0 0 0 0 0 63 0 0 127 0 0 0 0 0 0 0 0 0 0 0 0 0 0 0 191 0 0 0 0 0 0 0 0 0 0 0 0 0 0 0 0 0 0 0 0 0 63 127 0 0 0 0 63 0 0 0 0 0 0 0 0 0 0 0 0 0 0 0 0 0 0 0 0
0 0 0 0 0 127 63 0 63 191 0 191 63 0 63 63 63 0 0 0 0 0 0 0 63 63 0 63 0 0 0 63 63 0 0 0 0 0 0 0 0 0 0 0 0 0 0 0 0 0 0 63 0 0 0 0 0 0 0 0 0 0 0 0 0 0 0 0 0 0 0 0 0 0 63 127 0 0 0 0 63 0 127 127 0 0 63 191 63 63 0 0 0 0 63 0 63 0 0 0 0 0 0 0 0 0 0 0 0 0 0 0 63 63 0 0 0 127 0 0 0 127 0 0 0 0 0 63 127 63 0 0 0 0 0 0 63 0 0 0 0 0 63 0 0 0 0 0 0 0 0 0 0 0 0 0 0 0 0 0 0 0 0 0 0 0 0 0 0 0 0 0 0 0 127 0 0 0 0 0 63 63 0 0 0 0 63 0 0 0 63 0 0 0 0 0 0 0 0 0 63 0 0 0 0 0 0 0 0 0 0 0 0 0 0 0 0 0 0 0 0 127 0 0 0 0 0 0 0 127 0 0 63 63 0 0 0 0 0 0 0 0 0 0 0 0 63 0 0 0 0 0 0 0 0 0 0 0 0 0 0 0 0 0 0 0 0 0 0 0 0 0 127 0 0 0 0 0 0 0 0 0 0 0 0 0 0 0 0 0 0 0 0 0 0 0 0 0 0 0
0 0 127 127 255 127 127 0 0 0 0 0 0 127 0 191 0 0 0 0 0 63 0 0 63 0 63 0 0 0 0 0 0 0 0 0 127 63 63 0 63 63 0 0 0 0 0 0 0 0 0 0 0 0 0 0 0 0 0 0 0 0 0 127 63 0 0 0 0 63 0 0 0 0 0 63 0 0 0 0 0 0 0 63 0 0 63 255 63 0 0 0 0 0 63 63 0 0 0 0 0 0 0 0 0 0 0 0 0 0 0 63 0 191 0 0 0 0 0 127 63 0 0 0 0 0 127 0 0 63 63 0 0 0 0 63 63 0 0 0 0 0 0 0 0 0 0 0 0 0 0 0 0 0 0 0 0 0 0 0 0 0 0 0 0 0 0 63 63 0 0 0 63 0 0 0 0 63 63 0 0 0 0 0 0 0 0 63 0 0 0 127 0 0 0 0 63 191 0 0 0 0 0 0 0 0 0 0 0 0 0 0 0 0 0 0 0 0 0 0 0 0 63 0 63 0 63 0 0 0 0 0 0 63 63 0 0 0 0 0 0 0 0 0 0 0 0 0 0 0 0 0 0 0 0 0 0 0 0 0 0 0 0 0 0 0 0 0 0 0 0 0 0 0 0 0 0 0 0 0 0 0 0 0 0 0 0 0 0 0 0 0 0 0 0 0 0 0 0 0
0 0 127 127 63 127 191 191 0 0 0 0 63 0 0 63 0 0 63 0 0 0 0 0 0 0 0 0 127 0 63 127 191 127 63 0 127 127 191 127 191 127 0 0 0 127 0 0 0 0 0 0 0 0 0 0 0 0 0 0 0 0 0 63 63 0 0 0 0 0 0 63 0 0 0 0 0 0 0 0 0 0 0 0 0 0 0 0 0 0 0 0 0 63 0 0 0 0 0 0 0 0 0 0 0 0 0 0 63 127 63 63 0 63 0 0 0 63 127 191 0 0 0 0 0 0 0 0 0 0 0 0 127 63 0 0 0 0 0 0 0 0 0 0 0 0 0 0 0 0 0 127 0 127 63 0 0 0 0 63 0 0 0 0 0 0 0 0 0 0 0 0 0 0 0 0 0 0 0 0 0 0 0 0 0 0 0 0 0 0 0 0 0 0 0 191 255 63 0 0 0 0 0 0 0 0 0 0 0 0 0 0 0 0 0 0 0 0 0 0 0 0 63 0 0 0 0 0 0 0 0 0 0 0 0 63 0 0 0 0 0 0 0 0 0 0 0 0 0 63 0 0 0 0 0 63 0 0 0 0 0 0 0 0 0 0 0 0 0 0 0 0 0 0 0 0 0 0 0 0 0 0 0 0 0 0 0 0 0 0 0 0 0 0 0 0 63 0 0 0
0 0 0 0 0 127 127 0 0 0 0 0 0 0 63 0 127 0 0 0 0 0 0 0 0 191 191 63 63 63 0 191 255 255 127 127 63 0 0 0 0 0 0 63 0 0 0 0 0 0 0 0 0 0 63 0 0 0 0 0 0 0 0 0 0 0 0 0 0 0 0 0 0 0 0 0 0 0 0 0 0 0 0 0 0 0 0 0 0 0 0 0 0 0 0 0 0 0 0 0 0 0 0 0 0 0 0 0 63 0 255 63 63 0 0 0 0 63 63 127 0 0 0 63 0 0 0 0 0 0 0 0 127 0 0 0 0 0 0 0 0 0 0 0 0 0 0 0 0 0 0 63 0 0 127 0 0 0 0 0 0 0 0 0 0 0 0 0 0 0 0 0 0 0 0 0 0 0 127 0 0 0 0 0 0 0 0 0 0 0 0 0 0 0 0 63 0 0 0 0 0 0 0 0 0 0 0 0 0 0 0 0 0 0 0 0 0 63 127 0 0 0 0 0 0 0 0 0 0 0 0 0 0 0 0 0 0 0 0 0 0 0 0 0 0 0 0 0 0 0 0 0 0 0 0 127 0 0 0 0 0 0 0 0 0 0 0 0 0 0 0 0 0 0 0 0 0 0 0 0 0 0 0 0 0 0 0 0 0 0 0 0 0 0 0 0 0 0 0 0
0 0 0 0 0 0 0 0 0 0 0 0 0 0 0 0 191 0 63 0 63 63 0 0 63 191 191 127 127 127 255 0 127 63 127 0 0 191 127 0 0 0 0 0 0 0 0 0 0 0 0 0 0 0 0 0 0 0 0 0 0 0 0 0 0 0 0 0 0 0 0 0 0 0 0 0 0 0 0 0 0 0 0 0 0 0 0 0 0 0 0 0 127 63 0 0 0 0 0 0 0 0 0 0 0 0 0 0 127 127 0 0 63 0 0 0 63 63 0 0 0 0 63 63 0 0 0 63 0 0 0 0 0 0 0 0 0 0 0 0 0 0 0 0 0 0 0 127 0 0 63 0 0 0 0 0 127 0 0 0 0 0 0 0 0 0 0 0 0 0 0 0 0 0 0 0 0 0 0 0 0 0 0 0 0 0 63 127 0 0 0 0 0 0 0 0 0 0 0 0 0 0 0 0 0 0 0 0 0 0 0 0 63 0 0 0 0 0 0 0 0 0 0 0 0 0 0 0 0 0 0 0 0 0 0 0 0 0 0 0 0 0 0 0 0 0 0 63 0 0 0 0 0 0 0 0 0 0 0 0 0 0 0 0 0 0 0 0 0 0 0 0 0 0 0 0 0 0 0 0 0 0 0 0 0 0 0 0 0 0 0 0 0 0 0 0 0 0 127 0
0 0 191 0 0 0 63 0 0 0 127 0 0 0 127 63 127 63 0 63 0 127 0 127 127 0 127 0 127 63 0 0 127 63 0 63 0 127 63 0 0 0 0 0 0 0 0 0 0 0 0 0 0 0 63 0 0 0 0 0 0 0 0 0 0 0 0 0 0 0 0 0 0 0 0 0 0 0 0 0 0 0 0 0 0 0 0 0 0 0 0 0 0 0 0 0 0 0 63 63 0 0 0 0 0 0 0 0 0 0 0 63 0 0 0 0 0 0 0 0 0 0 63 63 0 0 0 63 127 63 63 0 0 191 0 0 0 0 0 63 0 0 0 0 0 0 0 0 0 0 0 0 0 63 191 191 0 0 0 63 0 0 0 0 0 0 0 0 0 0 0 0 0 0 0 0 0 0 0 0 0 0 0 0 0 0 0 0 0 0 0 0 0 0 0 0 0 0 0 0 0 0 0 0 0 0 0 0 0 0 0 0 0 63 0 63 0 63 127 0 0 0 0 0 0 0 0 0 0 0 0 63 0 0 0 0 0 0 0 0 0 0 0 0 0 0 0 0 0 0 0 0 0 0 0 0 0 0 0 0 0 0 0 0 0 0 0 0 0 0 0 0 0 0 0 0 0 0 0 0 0 0 0 0 0 0 0 0 0 0 0 0 0 0 0 0 0 0 0 0
0 0 255 191 0 0 63 63 0 0 127 255 127 0 0 0 0 127 0 0 63 63 0 0 0 0 0 0 0 0 0 0 0 0 0 0 0 0 0 0 0 0 0 0 0 0 0 0 0 0 0 0 0 0 0 0 0 0 0 0 0 0 0 0 0 0 0 0 0 0 0 0 0 0 0 0 0 0 0 0 0 0 0 0 0 0 0 0 0 0 0 0 0 0 0 0 63 63 63 0 0 0 0 0 0 0 0 0 0 0 0 0 0 0 0 0 0 0 0 0 0 0 0 127 63 63 0 0 0 0 63 0 0 127 0 0 0 0 0 0 0 0 0 0 0 63 63 0 0 127 127 0 0 63 0 0 0 0 0 0 0 0 0 0 0 0 0 0 0 0 0 0 0 0 0 0 0 0 0 0 0 0 0 0 0 0 0 0 0 0 0 0 0 0 0 0 0 0 0 0 0 0 0 0 63 0 0 0 0 0 0 63 0 0 0 63 63 0 0 0 0 0 0 0 0 0 0 0 0 0 0 0 0 0 0 0 0 0 0 0 0 0 0 0 0 0 0 0 0 0 0 0 0 0 0 0 0 0 0 0 0 0 0 0 0 0 0 0 0 0 0 0 0 0 0 0 0 0 0 0 0 0 0 0 0 0 0 0 0 0 0 0 0 0 0 63 0 0 0 0
63 127 127 127 0 0 191 255 127 0 127 127 191 63 0 0 0 63 63 127 0 0 0 0 0 0 0 0 0 0 0 0 0 0 0 0 0 0 0 0 0 0 0 0 0 0 0 0 0 0 0 0 0 0 0 0 0 0 0 0 0 0 0 0 0 0 0 0 0 0 0 0 0 0 0 0 0 0 0 0 0 0 0 0 0 0 0 0 0 0 0 0 0 0 0 0 0 0 0 127 191 63 0 0 0 0 0 0 0 0 0 0 0 0 0 0 0 0 0 0 0 0 0 0 127 63 0 0 0 0 0 0 0 63 127 63 0 0 0 0 127 191 0 63 0 63 63 0 0 0 0 0 0 0 0 0 0 0 0 0 0 0 0 0 0 0 0 0 0 127 0 0 0 63 0 0 0 0 0 0 0 63 0 0 0 0 0 0 0 0 0 0 0 0 0 0 0 0 63 0 0 0 0 0 63 0 0 0 0 0 0 0 0 0 0 0 0 0 0 0 0 0 0 0 0 0 0 0 0 0 0 0 0 0 0 0 0 0 0 0 0 0 0 0 0 0 0 0 0 0 0 0 0 0 0 0 0 0 0 0 0 0 0 0 0 0 0 0 0 0 0 0 0 0 0 0 0 0 0 0 0 0 0 0 0 63 63 0 0 0 127 127 0 63 0 0 0 0 0 0
63 127 63 127 63 63 127 63 0 0 0 127 63 191 0 0 0 0 0 0 0 0 0 0 0 0 0 0 0 0 0 0 0 0 0 0 0 0 0 0 0 0 0 0 63 0 0 127 63 0 127 0 0 0 0 0 0 0 0 0 0 0 0 0 0 0 0 0 0 0 0 0 0 0 0 0 0 0 0 0 0 0 63 0 63 0 0 0 0 0 0 0 0 0 0 0 0 0 127 191 127 255 191 127 0 0 0 0 0 0 0 0 0 0 0 127 63 0 0 0 0 0 0 0 0 0 0 0 0 0 0 0 0 0 0 0 0 0 0 0 0 127 0 0 0 0 0 0 0 0 0 0 0 0 0 0 0 0 0 0 0 0 0 0 0 63 63 0 0 0 0 0 0 0 0 0 0 0 0 0 0 0 63 0 0 0 0 0 0 0 0 0 0 0 0 0 0 0 0 0 0 0 0 63 0 0 0 127 0 0 0 127 0 0 0 0 0 0 0 0 0 0 0 0 0 0 0 0 0 0 0 0 0 0 0 0 0 0 0 0 0 0 0 0 0 0 0 0 0 0 0 0 0 0 0 0 0 0 0 0 0 0 0 0 0 0 63 0 0 0 0 0 0 0 0 0 0 0 0 0 0 0 0 0 0 0 63 0 0 0 0 0 0 0 0 0 127 127 191 191
0 127 127 0 127 0 0 0 0 0 0 0 0 0 0 0 0 0 0 0 0 0 0 0 0 0 0 0 0 0 0 0 0 0 0 0 0 0 0 0 0 0 63 63 63 0 127 191 0 0 63 127 0 0 0 0 0 0 0 127 63 0 0 0 0 0 0 0 0 0 0 0 0 0 0 0 0 0 0 0 0 0 0 0 0 0 0 0 0 0 0 0 0 0 0 0 63 127 127 191 191 127 191 127 0 63 0 0 0 0 0 0 0 0 0 0 63 0 0 0 0 0 0 0 0 0 0 0 0 0 0 0 0 0 0 0 0 0 0 0 0 0 0 63 63 0 127 0 0 0 0 63 63 63 255 0 0 0 0 0 0 0 0 63 63 0 0 0 0 0 0 0 0 0 0 0 0 0 0 0 0 0 63 0 0 0 0 0 127 255 0 0 0 0 0 0 0 0 0 0 0 0 0 63 0 0 0 0 0 0 0 0 0 0 0 0 0 0 0 0 0 0 0 0 0 0 0 0 0 0 0 0 0 0 0 63 0 0 0 0 0 0 0 0 0 0 0 0 63 0 0 0 0 0 0 0 0 0 63 0 0 0 0 0 0 0 0 0 0 0 0 0 63 0 0 0 0 0 0 0 0 0 0 0 0 0 0 0 0 0 0 0 63 0 0 0 255 255 255 255
0 0 0 0 63 0 0 0 0 0 0 0 0 0 0 0 0 127 0 0 0 0 0 0 0 0 0 0 0 63 63 63 63 0 0 0 0 0 63 127 255 255 63 191 255 0 63 127 63 63 0 127 0 127 0 0 0 63 127 0 0 0 0 0 0 0 0 0 0 0 0 0 0 0 0 0 0 0 0 0 0 0 0 0 0 0 0 0 0 0 0 0 0 0 0 0 255 191 63 63 0 0 63 0 0 0 0 0 0 0 0 0 0 0 0 0 0 0 0 0 0 0 0 0 0 0 63 0 0 0 0 0 0 0 0 0 0 0 0 0 0 0 0 0 0 127 127 0 0 0 0 0 0 0 0 0 0 0 0 0 0 0 0 0 63 63 0 63 0 0 0 0 0 0 0 0 0 0 0 0 0 0 0 0 0 0 0 0 0 0 0 0 0 0 0 0 0 0 0 0 0 0 0 0 0 0 0 0 0 0 0 0 0 0 0 0 0 0 0 0 0 0 0 0 0 0 0 0 0 0 0 0 0 0 0 0 0 0 0 0 127 63 0 0 0 0 0 0 0 127 127 0 0 0 0 0 0 0 0 0 0 0 0 0 0 0 0 0 0 0 127 0 0 0 0 0 0 0 0 0 0 0 0 0 63 127 191 127 63 63 63 191 63 127 127 191 255 255 255 255
0 0 0 0 0 0 63 0 0 0 0 0 0 0 0 0 0 0 0 0 0 0 0 0 0 0 0 0 0 0 0 0 0 0 0 0 0 0 63 127 0 127 0 0 0 0 0 0 127 63 191 191 63 0 0 0 0 0 0 0 63 0 0 0 0 0 0 0 0 0 0 0 0 0 0 0 0 0 0 0 63 0 0 0 0 0 0 0 0 0 0 0 0 0 63 191 127 0 0 0 0 0 63 0 0 0 0 0 0 0 0 0 191 127 0 0 0 0 0 0 0 0 0 0 63 0 0 0 0 0 0 0 127 0 0 0 0 0 0 0 0 0 0 0 0 0 0 0 0 0 0 0 0 0 0 0 0 0 0 0 0 0 0 0 0 0 191 0 0 0 0 0 0 0 0 0 0 0 0 0 0 0 0 0 63 0 0 0 0 0 63 0 0 0 0 0 0 0 0 0 0 0 0 0 0 0 0 0 0 0 0 0 0 0 0 0 0 0 0 0 0 0 0 0 0 0 0 0 0 0 0 0 63 0 0 0 0 0 0 191 0 0 0 0 0 0 0 0 0 0 0 0 0 63 0 0 0 0 0 0 0 0 0 0 0 0 0 0 127 63 127 63 63 0 0 63 0 0 0 127 191 191 255 191 191 255 255 255 255 255 191 255 255 255 255 127 255 255 255 255
0 0 0 0 0 0 0 0 0 0 0 0 0 0 0 0 0 0 0 0 0 0 0 0 0 0 0 127 0 0 0 0 0 0 0 63 0 0 0 0 0 0 0 63 0 63 0 0 0 127 127 255 63 0 0 0 0 0 0 0 0 0 0 0 0 0 0 0 0 0 0 0 0 0 0 0 0 0 0 0 63 0 0 0 0 0 0 0 0 0 0 0 0 191 191 127 63 0 0 0 0 0 127 0 0 0 0 0 0 0 0 63 63 0 0 0 63 63 0 0 0 0 0 63 0 63 0 0 0 0 0 0 0 0 0 0 0 0 0 0 0 0 0 0 0 0 0 0 0 0 0 0 0 0 0 0 0 0 0 0 0 63 191 0 0 0 63 63 0 0 0 0 0 0 0 0 0 0 0 0 0 0 0 0 0 0 0 0 0 0 0 0 0 0 0 0 0 0 0 0 0 0 0 0 0 0 0 0 0 0 0 0 0 0 0 0 0 0 0 0 0 0 0 63 0 0 0 0 63 0 0 0 127 0 0 0 0 0 0 0 0 0 0 0 0 0 0 0 0 0 0 0 63 191 63 0 0 0 0 0 0 0 0 0 0 0 0 191 191 127 255 191 127 0 0 0 0 0 63 127 127 191 255 191 255 255 255 255 255 191 191 255 127 191 255 255 255 255 255 255
0 0 0 0 0 0 0 0 0 191 127 0 0 0 63 191 191 255 127 0 0 0 127 127 0 0 0 0 0 0 0 0 0 0 0 0 0 0 0 63 63 0 0 0 63 0 0 0 0 0 0 63 0 0 0 0 0 0 0 0 0 0 0 0 0 0 0 0 0 0 0 0 0 0 0 0 0 0 0 0 0 0 0 0 0 0 0 0 0 0 0 0 63 0 63 0 0 0 0 0 63 0 0 63 0 0 0 0 0 0 0 0 0 0 127 63 63 0 0 0 0 0 0 0 0 0 0 0 0 0 0 0 0 0 0 0 0 0 0 0 0 0 0 0 0 0 0 0 63 0 0 0 0 0 0 0 0 0 0 0 0 0 0 0 0 0 0 0 0 0 0 0 0 0 0 0 0 0 0 0 0 0 0 0 0 0 0 0 0 0 0 0 0 0 0 0 0 0 0 0 0 0 0 0 0 0 0 0 0 0 0 0 0 0 63 127 127 0 0 0 63 0 63 0 0 0 63 0 63 63 0 0 0 63 0 63 127 0 0 0 0 0 127 127 0 0 0 0 0 0 0 0 63 63 0 63 0 0 0 0 0 0 0 0 0 0 127 255 255 63 63 63 127 0 0 63 0 0 0 0 0 63 255 191 255 255 191 255 255 255 255 255 255 255 191 127 127 63 63 0
0 0 0 0 0 0 0 0 127 127 127 0 0 0 191 255 255 255 63 0 0 0 127 63 0 0 0 0 0 0 0 0 0 0 0 0 0 0 0 0 0 0 0 0 0 0 63 63 0 0 0 0 63 0 0 0 0 0 0 0 0 0 0 0 0 0 0 0 0 0 0 0 0 0 0 0 0 0 0 0 0 0 0 0 0 0 0 0 0 0 63 255 0 0 0 0 0 0 0 0 0 63 63 127 0 0 0 0 0 0 0 0 0 0 0 0 0 0 0 0 0 0 0 0 0 0 0 0 0 0 0 0 0 63 0 0 0 0 0 0 0 0 0 0 0 0 0 0 0 0 0 0 0 0 0 0 63 0 0 0 0 0 0 0 0 0 0 0 0 0 0 0 0 0 0 0 0 0 0 0 0 0 0 0 0 0 0 0 0 0 0 0 0 0 0 0 0 0 0 0 0 0 0 0 0 0 63 0 0 0 0 63 0 0 0 0 0 63 0 0 0 0 0 0 0 63 0 0 0 0 0 0 0 0 0 0 0 0 0 0 0 0 63 127 0 0 0 0 0 0 0 63 63 0 0 0 0 0 0 0 0 0 0 0 0 63 255 191 127 127 63 63 0 0 63 0 0 0 0 0 0 127 255 255 255 255 255 255 191 191 127 127 0 0 0 0 63 63 0 0
0 0 0 0 63 63 63 191 255 191 255 255 0 63 63 127 0 0 63 0 0 63 63 0 0 63 0 0 0 0 0 0 0 0 0 0 0 0 0 0 0 63 0 0 0 63 63 0 0 0 0 0 63 0 0 0 0 0 0 0 0 0 0 0 0 0 0 0 0 0 0 0 0 0 0 0 0 0 0 0 0 0 0 0 0 0 0 63 0 0 191 191 127 0 0 0 0 0 0 0 0 0 0 255 0 0 0 0 0 0 0 0 0 0 0 0 0 0 0 63 0 0 0 0 0 0 0 0 0 0 0 0 0 0 0 0 0 0 0 0 0 0 0 0 0 0 0 0 0 0 0 0 0 0 0 0 63 0 0 0 0 0 0 0 0 0 0 0 0 0 0 0 0 0 0 0 0 0 0 0 0 0 0 0 0 0 0 0 0 0 0 0 0 0 0 0 0 0 0 0 0 0 0 0 0 63 0 0 63 0 0 0 0 0 0 63 0 127 0 0 0 0 0 0 0 0 0 0 0 255 255 191 0 0 0 0 0 0 0 0 0 0 0 0 0 0 0 0 0 0 0 63 127 0 0 0 0 0 0 0 0 0 0 0 127 255 191 127 0 63 0 0 0 0 0 0 0 0 0 0 0 63 191 191 191 127 127 0 0 0 0 63 127 63 0 127 0 0 0 0
0 0 191 191 255 191 63 191 191 63 63 127 255 191 0 0 0 0 0 0 0 63 0 191 63 63 191 63 0 0 0 127 0 0 0 0 0 0 0 0 0 0 0 0 0 0 0 0 0 127 0 0 0 0 63 0 0 0 0 0 0 0 0 0 0 0 0 0 0 0 0 0 0 0 0 0 0 0 0 63 127 0 0 0 0 0 63 255 127 127 255 127 63 0 0 0 0 0 0 127 127 63 0 127 63 0 0 0 0 0 0 0 0 0 0 0 0 0 0 0 0 0 0 0 0 0 0 0 0 0 0 0 0 0 0 0 0 0 0 0 0 0 0 0 0 0 0 0 0 0 0 0 0 0 0 0 0 0 0 0 0 0 0 0 0 0 0 0 0 0 0 0 0 0 0 0 0 0 0 0 0 0 0 0 0 0 0 0 0 0 0 0 0 0 127 0 0 0 0 0 0 0 0 0 0 0 127 0 0 0 0 0 0 0 0 0 0 0 0 0 0 0 0 0 0 0 63 0 0 63 63 0 63 0 0 0 0 0 0 0 0 0 0 0 0 0 0 0 0 0 0 0 0 0 0 0 0 0 0 0 0 0 0 0 255 255 191 0 0 0 0 0 0 0 0 0 0 0 0 0 0 0 0 0 0 0 0 0 0 0 0 63 0 0 0 63 0 0 0 0
191 191 0 63 0 255 0 63 63 0 0 0 191 0 0 0 0 0 0 0 0 0 0 0 127 127 255 255 127 127 191 63 0 0 0 0 0 0 0 0 0 0 0 0 0 0 0 63 127 63 127 127 191 0 63 0 0 0 0 0 0 0 63 63 63 0 0 0 0 0 0 0 0 0 0 0 0 0 0 0 0 127 0 0 0 0 191 255 63 0 0 63 127 0 127 0 63 0 0 63 127 0 0 0 63 0 0 0 0 0 0 63 0 0 0 0 0 0 63 127 0 0 0 0 0 0 0 0 0 0 0 0 0 0 0 0 0 0 0 0 0 0 0 0 0 0 0 0 0 0 0 0 0 0 0 0 0 0 0 0 0 0 0 0 0 0 0 0 0 0 0 0 0 0 0 0 0 0 0 0 0 0 0 0 0 63 63 0 0 0 0 0 0 0 0 0 0 63 63 0 0 0 0 63 0 0 0 0 63 63 0 0 0 0 0 0 0 0 0 0 0 0 0 0 0 0 63 0 63 0 0 0 0 0 0 0 0 0 0 0 0 127 0 0 0 0 0 0 0 0 0 0 0 0 0 0 0 0 0 0 0 0 63 255 255 191 255 255 0 0 0 0 0 0 0 0 0 0 0 0 0 0 0 0 0 0 0 0 0 0 0 0 127 0 0 0 0 0 0 0
0 63 127 0 127 191 0 0 0 0 0 0 0 0 0 0 0 0 0 127 0 0 0 0 0 63 127 191 127 255 191 127 63 63 0 0 0 0 0 0 0 0 0 0 0 127 127 127 255 191 127 0 191 63 0 0 0 0 0 0 0 0 0 0 127 63 0 0 0 0 0 0 0 0 0 0 0 0 0 0 0 0 63 0 0 0 127 0 0 0 0 0 127 0 0 0 0 0 0 0 63 191 127 0 255 0 0 0 0 0 0 0 0 0 0 0 0 0 127 127 0 0 0 0 0 0 0 0 0 0 0 0 0 0 0 0 0 0 0 0 0 0 0 0 0 0 0 0 0 0 0 0 0 0 0 0 0 0 0 0 0 0 0 0 0 0 0 0 0 0 0 0 0 0 0 0 0 0 0 0 0 0 0 0 0 0 0 63 127 63 0 0 191 0 0 0 0 63 63 0 63 0 127 0 63 0 0 0 0 63 0 63 63 0 0 0 0 0 0 0 0 0 0 0 0 0 0 0 0 0 0 0 0 0 0 0 0 0 0 0 0 63 0 0 0 0 0 0 0 0 0 0 0 0 0 0 0 0 0 0 0 63 191 255 191 255 63 63 0 0 0 0 0 0 0 0 0 0 0 0 0 0 0 0 0 0 0 0 0 0 0 0 0 0 0 0 0 0 0 127
127 255 127 63 127 0 63 0 0 0 0 0 0 0 0 0 0 0 0 0 0 0 0 0 0 0 63 63 191 191 0 191 0 0 0 0 0 0 0 0 0 0 0 0 0 0 127 0 0 0 0 0 0 63 0 0 0 0 0 0 0 63 63 63 0 0 0 0 0 0 0 0 0 0 0 0 0 0 0 127 0 63 0 0 0 0 0 0 0 127 127 63 63 0 255 63 0 0 0 0 191 127 127 0 63 0 0 0 0 0 0 0 0 0 0 0 0 0 0 0 0 63 0 0 0 0 0 0 0 0 0 0 0 0 0 0 0 0 0 0 0 0 0 0 0 0 0 0 0 0 0 0 0 0 0 0 0 0 0 0 0 0 0 0 0 0 0 0 63 127 127 0 0 0 0 0 0 0 0 0 0 0 0 0 0 0 0 0 63 0 0 0 63 0 0 0 0 127 0 0 0 63 0 0 0 0 0 0 0 0 0 63 63 0 0 0 0 0 0 0 0 0 0 0 63 0 0 0 0 0 0 0 0 0 0 0 0 63 63 0 0 0 0 0 0 0 0 0 0 0 0 0 0 0 0 0 0 63 127 0 63 191 255 0 255 127 0 0 0 0 0 0 0 0 0 0 0 0 0 0 0 0 0 0 0 0 0 0 0 0 0 0 0 0 0 0 0 0 0 63
63 127 63 0 63 127 127 0 0 0 0 0 0 0 0 0 0 0 255 191 63 63 0 0 63 63 127 127 127 127 191 63 0 0 0 0 0 0 0 0 0 0 63 0 0 0 0 0 0 0 0 0 127 127 63 0 0 0 0 0 0 0 0 63 0 63 0 0 0 0 0 0 0 0 0 0 0 0 0 0 0 0 0 0 0 0 0 0 0 127 63 63 191 0 127 63 0 0 0 0 0 0 63 0 127 63 63 0 0 0 0 0 0 0 0 0 0 0 0 0 0 0 0 0 0 0 0 0 0 0 0 0 0 0 0 0 0 0 0 0 0 0 0 0 0 0 0 0 0 0 0 0 0 0 0 0 0 0 0 0 0 0 63 63 0 0 0 0 63 0 127 0 0 0 63 0 0 0 0 0 0 0 0 0 0 0 0 63 0 0 0 0 0 0 0 0 0 0 0 0 0 0 0 0 0 0 0 0 0 0 0 0 0 0 0 0 0 0 0 0 0 0 0 0 63 0 0 0 0 0 0 0 0 0 0 0 0 63 63 0 0 0 0 0 0 0 0 0 0 0 0 0 0 0 0 0 0 63 0 0 191 255 63 0 191 63 0 0 0 0 0 0 0 0 0 0 0 0 0 0 0 0 0 0 0 0 0 0 0 0 0 0 0 0 0 0 191 0 0 0
0 0 0 0 0 0 0 0 0 0 0 0 0 0 0 63 0 63 63 191 0 0 127 0 0 0 0 127 191 191 191 0 0 0 0 0 0 0 0 0 127 127 191 63 127 63 0 0 63 0 127 127 191 127 0 0 0 0 0 0 0 0 0 0 0 0 0 0 0 0 0 0 0 0 0 0 63 0 0 0 0 0 0 0 0 0 0 0 0 0 0 0 63 0 0 127 0 0 0 0 0 0 0 0 63 127 63 127 63 0 0 0 0 0 0 0 0 63 0 0 0 0 0 0 0 0 0 0 0 0 0 63 0 0 0 0 0 0 0 0 0 0 0 0 0 0 0 0 0 0 0 0 0 0 0 0 0 0 0 0 0 0 0 0 0 0 0 0 127 0 127 0 0 0 0 0 0 0 0 0 0 0 0 0 0 0 0 0 0 0 0 0 0 0 0 0 0 0 0 0 0 0 0 0 0 0 0 0 0 0 0 0 0 0 0 0 0 0 0 0 0 63 0 0 0 0 0 0 0 0 0 0 0 0 0 0 63 0 0 63 0 63 0 63 0 0 0 0 0 0 0 0 0 0 0 0 0 0 0 63 255 255 0 0 0 0 0 0 0 0 0 0 0 0 0 0 63 0 0 0 0 0 0 0 0 0 0 0 0 0 63 0 0 0 63 0 127 63 0 0
0 0 0 0 0 0 0 0 0 0 0 0 0 0 0 0 63 0 63 127 191 0 127 0 0 0 0 0 0 63 191 127 0 0 0 0 0 0 63 0 255 191 127 0 255 63 0 63 63 127 127 0 127 255 0 0 0 0 0 0 0 0 0 0 0 0 0 0 0 0 0 0 63 0 0 0 0 0 63 63 0 0 0 0 0 0 0 0 0 63 63 0 0 0 0 0 0 0 0 0 0 0 0 0 0 191 63 0 63 0 0 0 0 0 0 0 0 0 0 0 0 0 0 0 0 0 0 0 63 0 0 0 0 0 0 0 63 63 0 0 0 0 0 0 63 0 0 127 63 0 63 63 0 0 0 0 0 0 0 63 0 0 0 0 63 0 0 0 0 0 0 63 0 0 63 63 63 0 0 0 0 0 0 0 0 0 0 0 0 0 0 0 0 0 0 0 0 0 0 0 0 0 0 0 0 0 0 0 0 0 0 0 0 0 0 0 63 0 0 0 0 0 0 0 0 0 0 0 0 0 0 0 0 0 0 0 0 0 0 0 63 0 0 63 0 0 0 0 0 0 0 0 63 0 63 63 63 0 0 191 127 0 127 0 0 0 0 0 0 0 0 0 0 0 0 0 0 0 0 0 0 0 0 0 0 0 0 0 0 0 0 0 0 0 0 0 0 0 0 127
0 0 63 0 0 0 0 0 0 0 0 0 0 0 0 0 63 0 0 0 0 63 0 0 0 0 0 0 127 191 127 191 0 0 0 0 63 0 0 0 0 0 0 0 0 0 0 63 127 63 63 0 0 63 0 0 0 0 0 0 0 0 0 0 0 0 0 0 0 0 0 0 0 0 0 0 0 63 63 0 63 0 0 0 0 0 0 0 0 0 0 0 0 0 0 0 0 0 0 0 0 0 0 0 0 63 0 63 0 0 0 0 0 0 0 0 0 0 0 0 0 0 0 0 0 0 0 0 63 0 0 0 0 0 0 0 0 127 0 0 0 0 0 0 63 63 0 0 0 0 0 0 0 0 0 0 0 0 0 0 0 0 0 0 0 0 0 0 0 0 0 0 0 0 0 0 0 0 0 0 0 0 0 0 0 0 0 63 0 0 0 0 0 63 0 0 0 127 0 0 0 0 0 0 0 0 0 0 0 0 0 0 0 0 0 0 0 0 0 63 0 63 0 0 0 0 0 0 0 0 0 0 0 0 0 0 0 0 0 127 63 0 127 0 0 0 0 0 0 0 0 0 63 63 0 0 0 0 191 127 0 0 0 0 0 0 0 0 0 0 0 0 0 0 0 0 0 0 0 0 0 0 0 0 0 0 0 0 0 0 0 0 63 0 63 63 0 0 127 0
0 0 127 0 0 0 0 0 0 0 0 0 0 63 255 127 63 191 0 63 191 63 63 0 0 127 0 0 191 191 255 63 127 0 0 0 0 0 0 63 0 0 0 63 0 0 0 0 0 63 0 0 63 0 0 0 0 0 0 0 0 0 0 0 0 0 0 0 63 0 0 63 0 0 0 0 0 0 0 0 0 0 0 0 0 0 0 0 0 0 0 0 0 0 0 0 0 0 0 0 0 0 0 0 0 0 0 0 0 0 0 0 0 0 0 0 0 0 0 0 0 0 0 0 0 0 0 0 0 0 0 0 0 0 0 0 0 191 127 63 255 63 0 255 255 255 255 127 127 255 191 0 0 0 0 0 0 0 0 0 127 0 0 0 0 0 0 0 0 0 0 0 0 0 0 0 0 0 0 0 0 0 0 0 0 0 0 0 0 0 0 0 0 0 0 63 0 0 0 0 0 63 63 0 0 0 0 0 0 0 0 0 0 0 0 0 0 0 0 0 0 0 0 0 0 0 0 0 0 0 0 0 0 0 0 0 0 0 0 0 0 63 0 0 0 0 0 0 0 0 0 0 0 0 0 0 0 191 191 63 63 0 0 0 0 0 0 0 0 0 0 0 127 0 0 0 0 0 0 0 0 0 0 0 0 0 0 0 0 0 0 0 63 0 0 0 63 63 191 63
0 0 127 0 0 0 0 63 63 0 0 0 0 63 0 0 63 127 127 127 255 63 127 63 0 0 0 0 191 127 127 0 0 0 0 0 191 255 191 255 0 0 0 0 0 0 0 63 0 63 127 191 63 127 127 0 0 0 0 0 0 0 0 0 0 0 0 0 0 0 63 0 0 0 0 0 0 0 0 0 0 0 0 0 0 0 0 0 0 0 0 0 0 0 0 0 0 0 0 0 0 0 0 0 0 0 0 0 0 0 0 0 0 0 0 0 0 0 0 0 0 0 0 0 0 0 0 0 0 0 0 0 0 127 63 127 191 255 255 191 127 191 127 0 63 127 127 63 0 127 191 0 0 0 0 0 0 0 0 0 0 0 0 0 0 0 0 0 0 0 63 0 63 0 0 63 63 0 0 0 0 0 0 0 0 0 0 0 0 0 0 0 63 0 0 0 0 0 0 0 0 0 0 63 0 0 0 0 0 0 0 0 0 0 0 63 0 0 0 0 0 0 0 0 0 0 0 0 0 0 0 0 0 0 0 0 0 0 0 63 63 0 0 63 0 0 0 0 0 0 0 0 0 0 0 0 127 191 0 0 0 0 0 0 0 0 0 0 0 0 0 0 0 0 0 0 0 0 0 0 0 0 0 0 0 0 0 0 0 0 0 127 0 0 63 0 0 63 63 0
0 0 0 0 0 0 0 0 63 63 63 63 0 0 0 0 0 0 0 63 255 0 0 0 63 0 0 0 127 127 63 0 0 0 0 63 0 0 0 0 0 0 0 63 191 0 0 127 0 127 255 127 0 0 0 0 0 0 0 0 0 0 0 0 0 0 0 0 0 0 0 63 0 0 0 0 0 0 0 0 0 0 0 0 0 0 0 0 0 0 0 0 0 0 0 0 0 0 0 0 0 0 0 0 0 0 0 0 0 0 0 0 0 0 0 0 0 0 0 0 127 0 127 191 127 63 127 127 127 63 191 127 255 191 191 63 127 63 191 127 63 63 63 0 0 0 0 0 0 127 127 0 0 0 0 0 0 0 0 127 0 127 0 0 0 0 0 0 0 0 0 0 63 0 0 0 0 63 0 63 0 0 0 0 0 0 0 0 0 0 0 0 0 0 0 0 0 0 0 0 0 0 0 0 63 63 0 0 0 0 0 0 0 0 0 127 0 0 0 0 0 0 63 63 191 63 0 0 0 0 0 0 0 0 0 63 0 0 0 127 0 0 0 0 0 0 0 0 0 0 0 0 0 0 0 63 191 0 0 0 0 0 0 0 0 0 0 0 0 0 0 0 0 0 0 0 0 0 0 0 0 0 0 0 0 0 0 0 0 0 0 0 63 63 0 0 0 0 0 0
191 0 0 0 63 0 0 63 0 63 63 127 0 0 0 0 0 0 0 127 255 0 0 63 0 0 0 0 63 63 0 63 0 0 255 127 0 0 63 0 127 0 0 127 255 63 127 191 0 0 63 63 0 0 0 0 63 0 0 0 0 0 0 0 0 0 0 0 0 0 0 0 0 0 0 0 0 0 0 0 0 0 0 0 0 0 0 0 0 0 0 0 0 0 0 0 0 0 0 0 0 0 0 0 0 0 0 0 0 0 0 0 0 0 0 0 0 0 127 127 63 127 191 127 191 191 255 255 191 127 63 127 191 0 0 0 0 0 0 63 0 63 63 63 127 63 0 0 127 63 191 0 0 0 0 0 0 127 63 0 0 0 0 63 0 0 0 0 0 63 0 0 0 0 0 63 63 0 0 0 0 0 0 0 0 0 0 0 0 63 0 0 0 0 0 0 0 0 0 0 0 63 63 0 63 0 0 0 0 0 0 0 0 0 0 0 127 63 0 0 0 0 0 63 63 63 63 0 0 0 0 0 0 0 0 0 0 0 0 0 0 0 0 0 0 0 0 0 0 0 0 0 0 0 0 63 63 0 0 0 0 0 0 0 0 0 0 0 0 0 0 0 0 0 0 0 0 0 63 0 0 0 0 0 0 0 0 0 0 0 0 0 0 191 0 0 0 0 0 0
127 0 0 0 0 127 63 127 0 0 0 0 0 0 0 63 0 0 0 0 127 63 0 127 0 0 0 0 63 0 0 0 63 127 255 255 63 0 0 0 63 0 0 63 191 255 63 0 0 0 0 63 0 0 0 0 0 0 0 0 0 0 0 0 0 0 0 0 0 0 63 0 0 0 0 0 0 0 0 0 0 0 0 0 0 0 0 0 0 0 0 0 0 0 0 0 0 0 0 0 0 0 0 0 0 0 0 0 0 0 0 0 0 0 191 191 191 255 255 255 127 191 127 191 191 0 0 0 127 0 0 127 63 63 63 63 0 0 0 0 0 0 0 63 63 63 0 63 0 63 127 0 0 0 0 0 0 63 0 0 0 0 0 0 0 63 0 63 127 0 0 0 0 0 0 0 63 0 0 0 0 0 0 0 0 0 0 0 63 191 0 0 0 0 0 0 0 0 0 0 63 0 63 0 0 63 0 0 0 0 0 0 0 0 0 0 0 0 0 0 0 0 0 63 191 63 127 0 0 63 0 0 0 0 0 0 63 0 0 0 63 0 0 0 0 0 0 0 0 0 0 0 0 0 63 0 0 0 0 0 0 0 0 0 63 0 0 0 0 0 0 0 0 0 0 0 0 127 0 0 0 0 0 0 0 0 0 0 0 0 63 0 0 63 63 63 0 0 0 127
0 0 0 63 0 0 0 127 63 0 63 0 63 63 191 0 0 0 63 0 0 255 0 127 63 0 63 0 63 63 127 127 127 191 191 127 255 0 0 0 63 0 0 0 0 191 63 0 0 0 0 0 63 0 0 0 0 0 0 0 0 0 0 0 0 0 0 0 0 0 0 0 0 0 0 0 0 0 0 0 0 0 0 0 0 0 0 0 0 0 0 0 0 0 0 0 0 127 127 127 127 191 255 127 255 191 0 0 0 0 0 0 0 0 63 63 127 191 191 63 63 63 63 127 63 63 191 0 0 0 63 127 127 191 191 255 191 63 0 0 0 0 0 0 127 255 0 63 255 255 0 0 0 0 0 0 0 0 0 0 0 0 0 0 0 0 0 63 0 0 0 0 0 0 0 0 0 0 0 0 0 0 0 0 0 0 0 0 0 0 0 0 0 0 0 0 0 0 0 0 0 0 0 0 0 0 0 0 0 0 0 0 0 0 0 0 0 0 0 63 63 0 127 63 63 0 0 0 0 63 63 0 0 0 63 0 0 0 0 0 63 0 0 0 0 0 0 0 0 0 0 0 0 0 127 63 0 0 63 0 63 0 0 0 0 0 63 0 127 63 127 127 63 127 63 63 127 255 127 127 0 0 0 0 0 0 0 0 0 0 0 0 0 0 0 63 0 0 0 0
0 0 0 0 0 0 0 0 63 0 63 63 191 127 0 0 0 0 0 127 0 191 63 191 63 0 0 0 0 127 191 127 63 255 255 191 255 127 0 127 191 0 0 0 0 127 127 0 127 0 0 0 0 0 0 0 0 0 0 0 63 0 0 0 0 0 0 0 0 0 0 0 0 0 0 0 0 0 0 0 0 0 0 0 0 0 0 0 0 0 0 0 127 127 127 191 191 191 255 127 191 63 127 255 255 255 0 0 0 0 0 0 0 0 0 0 0 63 63 63 0 255 0 63 63 127 127 127 255 255 127 127 127 63 0 0 0 63 0 0 0 0 0 0 63 127 63 63 127 191 0 0 0 63 63 0 0 0 0 0 0 0 191 0 63 0 0 0 0 0 0 0 0 0 0 0 0 0 0 0 0 0 0 0 0 0 0 0 0 0 0 0 0 0 0 0 0 0 0 0 0 63 0 0 0 0 0 0 0 0 0 0 0 0 0 0 0 0 0 0 0 0 0 0 0 0 0 0 0 0 0 0 0 0 0 0 127 0 0 0 0 0 0 0 0 0 0 0 0 0 0 0 63 63 0 127 127 127 127 0 0 0 127 127 63 127 63 255 191 255 255 255 191 127 191 0 0 191 0 0 0 0 0 0 0 0 0 0 0 0 0 0 0 0 0 0 0 0 0 0
0 127 191 0 127 0 0 0 0 0 0 63 63 63 63 0 0 0 63 127 63 0 127 127 63 0 0 0 63 191 127 63 127 191 127 63 63 63 0 0 0 0 0 0 0 0 0 0 0 0 0 0 0 0 0 0 0 0 0 0 0 0 0 0 0 0 0 0 0 0 0 0 127 0 0 0 0 127 0 63 127 191 255 127 127 0 191 191 127 255 191 191 127 0 63 127 127 63 191 63 127 127 63 255 255 255 63 0 0 0 0 0 0 0 0 0 0 127 63 0 63 127 255 255 127 127 127 0 0 0 0 0 0 0 0 0 0 0 63 63 0 0 0 0 0 127 63 63 191 127 0 0 0 63 0 0 0 127 0 127 0 0 0 0 0 0 0 0 0 0 0 0 0 0 0 63 0 63 0 0 0 0 0 0 0 0 0 0 0 0 0 0 0 0 0 0 0 0 0 0 63 63 0 127 0 0 63 0 0 0 0 0 0 0 0 0 0 0 0 63 0 0 0 0 0 0 0 63 0 0 127 0 127 0 0 0 0 0 0 0 0 0 0 0 0 0 0 0 0 0 0 63 0 191 191 255 255 255 191 63 63 63 191 191 255 255 255 191 191 63 0 0 127 127 191 63 0 127 63 0 0 0 0 0 0 0 0 0 0 0 0 0 63 63 127 0 0 127 0 127
63 191 191 63 63 0 0 0 0 0 0 0 63 63 127 127 127 0 63 191 127 191 63 0 63 0 0 0 0 0 63 0 0 0 0 63 0 0 0 0 0 0 0 0 0 0 0 0 0 0 0 0 0 0 0 0 0 0 0 0 0 0 0 0 0 63 63 0 0 0 0 0 255 127 255 255 191 255 255 255 255 255 191 255 191 191 255 127 127 127 127 63 127 191 191 63 191 127 127 63 0 127 0 255 255 255 127 63 0 0 0 0 0 0 0 0 63 191 0 0 191 255 255 0 0 0 0 0 0 0 0 0 0 0 0 0 0 0 0 63 63 0 0 0 0 63 0 63 127 127 0 0 0 0 0 0 0 127 0 0 0 0 0 0 0 0 0 0 0 0 0 0 63 0 63 63 0 127 0 0 0 0 0 0 0 0 0 0 0 0 0 0 0 0 0 0 0 0 0 0 0 0 63 127 0 0 0 0 0 0 0 0 0 0 0 0 0 0 127 0 0 0 0 0 0 63 0 63 0 0 0 0 63 63 0 0 0 0 0 0 0 0 0 0 0 0 0 63 0 0 0 0 63 191 191 63 63 63 255 191 127 0 0 0 0 0 0 63 63 63 127 63 127 255 191 63 0 127 191 0 0 0 127 0 0 0 0 0 0 0 0 0 0 0 0 0 0 255 191 127
63 63 0 0 0 63 127 0 63 0 127 191 127 0 255 255 255 127 63 63 0 63 63 0 0 0 0 0 0 0 0 0 0 0 0 0 0 0 0 0 0 0 0 0 0 0 0 0 0 0 0 0 0 0 0 0 0 0 0 0 0 0 0 127 255 191 127 127 127 127 63 255 127 255 255 255 255 255 255 255 255 255 255 255 255 255 255 191 191 127 127 127 255 63 127 127 63 0 0 63 0 63 63 127 255 255 127 0 0 0 0 0 0 0 0 0 0 127 63 0 63 255 255 0 0 0 0 0 0 0 0 0 0 0 0 0 0 0 0 0 127 63 0 0 63 63 0 63 63 127 0 0 0 0 0 0 0 0 127 0 0 0 63 0 0 0 0 0 0 0 0 0 63 0 63 0 0 0 0 0 0 0 0 0 0 0 0 0 0 0 0 0 0 0 0 0 0 0 0 0 0 0 0 0 0 0 0 0 0 0 0 0 0 0 0 0 0 0 0 0 63 0 0 63 0 0 63 63 0 0 0 0 63 63 63 0 0 63 0 0 0 0 0 0 0 127 255 63 63 0 0 63 0 127 63 0 191 255 255 127 127 0 0 0 0 0 0 0 0 0 0 0 0 191 255 191 63 191 255 127 0 0 0 0 0 0 0 0 0 0 0 0 0 0 127 0 0 191 255 127
0 63 63 191 255 191 191 63 127 0 0 0 63 0 127 63 0 191 0 0 0 0 0 0 0 0 0 0 0 0 0 0 0 0 0 0 0 0 0 0 0 0 0 0 0 0 0 0 0 0 0 0 0 0 0 0 0 0 0 0 0 191 255 255 255 63 255 191 63 0 0 127 191 255 191 255 255 255 255 255 255 255 255 255 255 127 191 127 127 127 127 127 63 127 191 191 63 127 63 0 0 0 0 127 255 255 127 63 0 63 0 0 0 0 0 0 0 0 127 0 0 255 255 127 0 0 0 0 0 0 0 0 0 0 0 0 0 0 0 0 0 127 127 127 0 0 63 127 63 63 0 0 0 0 0 0 0 0 0 0 0 0 0 0 0 0 0 0 0 0 0 0 0 0 0 0 0 0 0 0 0 0 0 0 0 0 0 0 0 0 0 0 0 0 0 0 0 0 0 0 0 0 0 0 0 0 0 0 0 0 0 0 0 0 0 0 0 0 0 0 0 0 0 0 0 0 0 0 0 0 0 63 0 0 63 127 0 0 0 0 0 0 0 0 0 0 0 0 0 0 0 0 0 0 0 0 0 127 255 191 255 191 0 0 0 0 0 0 0 0 0 0 0 127 255 191 63 127 191 63 191 0 0 63 0 0 0 0 0 0 0 0 0 127 127 0 63 127 255 191
63 0 0 127 0 63 0 0 127 0 0 0 0 0 0 0 0 63 0 0 0 0 0 0 0 0 0 0 0 0 0 0 0 0 0 0 0 0 0 0 0 0 0 0 0 0 0 0 0 0 0 0 0 0 0 0 0 0 0 0 63 0 127 63 0 0 127 63 0 0 63 191 191 255 255 191 127 255 0 191 255 191 63 191 255 127 63 191 0 63 0 0 0 0 0 0 0 0 0 0 0 0 0 0 255 255 255 0 0 0 0 0 0 0 0 0 0 0 191 0 0 127 255 127 0 0 0 0 0 0 0 0 0 0 0 0 0 0 0 0 0 0 0 0 63 191 0 127 191 63 0 63 0 0 0 0 0 0 0 0 0 0 0 0 0 0 0 0 0 0 0 0 0 0 0 63 0 0 0 0 0 0 0 0 0 0 0 0 0 0 0 0 0 0 0 0 0 0 0 0 0 0 0 0 0 0 0 0 0 0 0 63 0 0 0 0 0 0 0 0 0 0 0 0 0 0 0 0 0 0 0 127 63 63 127 0 0 0 0 0 0 63 0 0 191 0 0 0 0 127 0 0 0 0 0 0 0 0 0 63 255 191 0 0 0 0 0 0 0 0 0 0 0 0 191 0 63 127 127 63 127 0 0 63 0 0 0 0 0 0 0 0 0 0 0 0 0 0 127 127
0 63 0 63 63 63 0 0 127 0 0 0 0 0 0 0 0 0 0 0 0 0 0 0 0 0 0 0 0 0 0 0 0 0 0 0 0 0 63 63 63 0 0 0 0 0 0 0 0 0 0 0 0 0 0 0 0 0 0 0 0 0 63 0 0 0 0 63 63 0 255 0 0 0 127 191 63 127 63 127 255 191 0 0 127 63 0 0 0 0 0 0 0 0 0 0 0 0 0 0 63 255 0 0 255 255 255 0 0 0 0 0 0 0 0 0 0 0 255 0 0 63 255 255 0 0 0 0 0 0 0 0 0 0 0 0 0 0 0 0 0 0 0 63 191 191 63 127 127 63 0 0 0 0 0 0 63 0 0 0 0 0 63 0 63 0 0 0 0 0 0 0 0 0 0 0 0 0 63 0 0 0 0 0 0 0 0 0 63 0 0 0 0 0 0 0 0 0 0 0 0 0 0 0 0 63 0 0 0 0 0 0 0 0 0 0 0 0 0 0 0 0 0 0 0 0 0 0 63 63 0 0 0 63 63 0 0 0 0 0 0 0 127 191 127 63 0 0 0 0 0 0 0 0 0 0 0 0 0 63 255 127 0 0 0 0 0 0 0 0 0 0 0 0 127 0 0 0 63 0 0 0 0 63 0 0 0 0 0 0 0 0 0 0 0 0 0 0 63 191

LH:
2 51760
1 3310
3 3343
4 802
0 785

HL:
2 51602
3 3340
1 3313
4 872
0 873

HH:
2 53126
1 3307
3 3346
0 109
4 112
